Cell_ID	count.16S	count.12S	mito_counts	nCount_RNA	nFeature_RNA	dataset
ACGGCATCGCAG	3021	8	363	22775	4039	Fincher.3
TACGAATAAATC	3222	14	637	15152	3251	Fincher.3
CGTTGGTGGCGA	3994	16	381	28063	4796	Fincher.3
TTTTGTAGCTTC	2837	19	291	16238	3485	Fincher.3
GCCTGGGATTCG	3216	27	504	22485	5134	Fincher.3
CGGCCACCAACC	2751	5	262	15086	3354	Fincher.3
GTTCACATTGTA	3077	15	597	22339	3945	Fincher.3
CCTTCGCGGTAA	2530	7	170	10761	2928	Fincher.3
TACAGAGCAGGT	3123	3	402	22250	4126	Fincher.3
CCGCCTAGCCAA	2793	3	241	15552	3660	Fincher.3
TATCAGAACCGA	3089	9	127	15762	3227	Fincher.3
GTCAATGTAATA	2832	6	250	16135	3505	Fincher.3
CAGAAATGACCG	2320	0	167	11913	3059	Fincher.3
ATATTACTTATC	2624	12	314	11803	3207	Fincher.3
CAGCCACGTATA	3068	6	337	13331	3248	Fincher.3
TTTCTGTCAAAT	2027	7	226	11855	2988	Fincher.3
GGAGTACAAGTA	2232	3	345	12515	2704	Fincher.3
GCCTAGCATTTT	2784	2	197	16846	3254	Fincher.3
GACTACACCGTA	3257	7	471	13728	3117	Fincher.3
TCAGGTCCTCTC	3424	26	213	12935	2634	Fincher.3
ACAATCAGAACT	2295	5	434	13149	2639	Fincher.3
GTTTTCACGATG	3565	10	181	5866	1188	Fincher.3
AAACTTGATATC	2952	10	298	11001	2768	Fincher.3
CCCTATTGTAAC	2721	6	341	16423	3184	Fincher.3
GCGCTTTAGCTG	2567	7	198	12720	3157	Fincher.3
GCGATAGCCATA	2344	6	164	17065	3517	Fincher.3
GGGTTGTTAAAT	3286	9	187	10632	2729	Fincher.3
TGCGGTGCAGCG	2061	4	237	16110	3100	Fincher.3
ATCTCGTCCCGG	2168	5	229	12625	3126	Fincher.3
CGAGTTTCACCA	2144	3	130	10741	2524	Fincher.3
ATGCAATAACCT	2621	3	320	8860	2371	Fincher.3
ACCTTTTGTTCG	2300	15	189	14436	3177	Fincher.3
ACTTTCAAGAAA	2423	8	234	11889	2813	Fincher.3
CGAACAATCATG	2632	17	294	8712	2386	Fincher.3
TGTTAAGATAAT	1522	6	71	11587	2394	Fincher.3
GCGATAGAGGCG	2541	5	211	12831	3432	Fincher.3
GCGATGAGCGTG	907	2	128	8692	2486	Fincher.3
CCGCATCGTTCG	1349	0	54	12616	3548	Fincher.3
GAAGCGTGCCTA	1986	4	82	11911	2931	Fincher.3
GAAAGCTTAATG	2024	4	187	10769	2535	Fincher.3
ACGCAGGTCTAT	2273	9	178	8891	2515	Fincher.3
AACCATCCGGCC	2395	4	255	8959	2392	Fincher.3
CTGAAGGAGGGA	2354	5	196	10094	2986	Fincher.3
GTAGGTGCTGGA	1883	8	171	11111	3111	Fincher.3
ATTCGCGATGCT	944	1	52	8868	2923	Fincher.3
CGACTTCAACGA	936	1	36	9816	3227	Fincher.3
CATTCAACACTA	2281	4	222	9724	2613	Fincher.3
CCCAATCTATTT	2464	4	201	11407	2523	Fincher.3
ACAGAACTGCTA	1798	2	150	9533	2551	Fincher.3
CCAGCGATCACA	2404	3	153	10736	2840	Fincher.3
TGATTCTATCGC	1929	1	199	13624	2944	Fincher.3
CGATGATCACTT	2265	2	195	9875	2506	Fincher.3
GGTTCAAATACC	2305	6	345	8003	2145	Fincher.3
ACCGCACAGCCG	1800	1	112	7695	2262	Fincher.3
TGCACCATTCGA	2464	3	70	4951	1419	Fincher.3
CAAATCGGTGGA	2030	5	62	7718	1751	Fincher.3
GAACGTTATCTG	2286	14	268	13857	2626	Fincher.3
TTTAGTCGCCCT	1708	1	126	8410	2493	Fincher.3
AATGCATCCGTG	2490	3	155	11227	2744	Fincher.3
GATACCTTACGT	2034	2	156	8492	2072	Fincher.3
TACATAGACCCT	2244	8	239	10716	2553	Fincher.3
CCTTCTCGGTGT	2223	8	259	9106	2498	Fincher.3
TGTAAGCTGAAC	2304	2	164	10434	2729	Fincher.3
CAGGAGGAGTCG	1968	3	85	8284	2411	Fincher.3
GGATTCGCCCCT	2146	1	163	7885	2168	Fincher.3
TAACCCACCGAT	2325	5	177	8215	2380	Fincher.3
ACGTGTTCCCTA	2069	1	190	10020	2631	Fincher.3
GCCGTGGTTCCA	2312	0	164	13456	2726	Fincher.3
ATTACTCGTTCA	2797	5	279	11978	3031	Fincher.3
CGTTCCTGGTGC	2408	2	152	11221	2761	Fincher.3
GACAACGCACTT	1867	7	115	7500	2210	Fincher.3
TAATTCCAACAT	1598	1	72	7367	2418	Fincher.3
GAATCTTCACTT	2091	6	216	6873	2004	Fincher.3
CCATCAATTGCA	2227	3	157	9411	2565	Fincher.3
GAGCCTCCCTCG	2295	4	152	7348	2143	Fincher.3
GAGCATAGTCAC	1872	3	193	7979	2307	Fincher.3
ATTCACATATAT	2494	8	249	3911	719	Fincher.3
GCGATGAGCGTC	790	5	90	6512	2060	Fincher.3
TAAGTGGTCTGA	1907	1	193	7150	2054	Fincher.3
TTCCCCCCGGTT	1857	4	111	8829	2463	Fincher.3
ATCGTAATAGAG	1597	3	256	8489	2280	Fincher.3
TAAAGCTGGGAG	1842	4	117	7626	2110	Fincher.3
ACGCTCGGGAGC	1826	4	137	9245	2406	Fincher.3
TTTCCAGAACTA	2149	2	244	8893	2175	Fincher.3
AATCCGCCGCCC	2308	0	152	8715	2281	Fincher.3
GACAGGCTATGA	1526	5	89	7743	1978	Fincher.3
AATATCAGATTG	1929	7	79	8102	2494	Fincher.3
ACACAAACCTAC	2610	7	182	6817	1847	Fincher.3
TTACTTCGTTGA	1867	3	144	8363	2158	Fincher.3
TTCTTTACTGAC	2281	2	242	7858	2193	Fincher.3
AATTGCCTCATA	1818	3	132	7290	2224	Fincher.3
GTAATCTATGCC	2219	4	140	5500	1519	Fincher.3
TTAATACACATG	1947	7	460	8158	2147	Fincher.3
CAACATTGATTT	1996	4	276	8921	2387	Fincher.3
GAGGTCTGTAAT	1939	2	173	7758	2342	Fincher.3
TACCCTAAATAT	1461	3	125	7787	2130	Fincher.3
GAGAGATGGAAG	2282	4	200	7418	2105	Fincher.3
CTTACCCGATCA	1847	5	183	6950	2248	Fincher.3
TTATATTCGGTG	1375	1	73	7110	2143	Fincher.3
TGATTGGCTACG	442	5	21	8095	2665	Fincher.3
CGTCGTGCCCCA	1554	5	108	6203	1952	Fincher.3
ACAGTGATAATG	1872	4	152	8382	2235	Fincher.3
CCAAGAGCATTT	2513	7	212	3472	499	Fincher.3
TTCCACCTAAGA	1617	3	115	5714	1815	Fincher.3
GCGGCCCGCGAG	2130	3	147	9406	2066	Fincher.3
AGCTTGAGTCCG	1469	1	64	5981	1977	Fincher.3
GTTTAAAGTCAA	1750	2	240	7150	1962	Fincher.3
ACTACACTACGC	1804	4	152	7408	2018	Fincher.3
CCAAGCGCGGGC	2181	11	170	11305	2667	Fincher.3
ACCTTTCCCGGA	897	1	31	7266	1714	Fincher.3
ATACGCGCTGCG	1388	2	100	5253	1392	Fincher.3
GACCGCATGTGC	2360	4	152	8598	2331	Fincher.3
CACAAAGCATAG	1540	5	90	6254	1939	Fincher.3
TCGCCGCGAGAC	1785	4	114	7175	2200	Fincher.3
CACATGTTCGAA	1914	8	192	6563	2092	Fincher.3
AGTCTGCTACGA	1685	1	157	7523	2042	Fincher.3
TTAATGCTCGTC	2187	4	122	7040	2142	Fincher.3
CCCAAAGAATGC	1516	4	168	5521	1726	Fincher.3
CTCCCAACTGAG	2033	3	137	8366	2153	Fincher.3
GCACACAGGCGT	1357	2	69	9430	2315	Fincher.3
CAATTCCTCCAA	1953	5	212	6210	1872	Fincher.3
CCAATGCGTGAG	2347	4	75	4016	945	Fincher.3
GCGATGAGCGTA	695	0	64	5191	1801	Fincher.3
TTCTACCGTCGC	1489	2	120	9248	2282	Fincher.3
GCAATCCGAACA	1560	3	101	6283	2002	Fincher.3
TGCCCGCCGTGC	2690	7	229	11725	2916	Fincher.3
CACAATATAAGG	1899	2	82	6165	1803	Fincher.3
CTACGGAAACCC	1808	5	140	7680	2163	Fincher.3
TAATTTTCAAAT	1364	3	57	5833	1802	Fincher.3
CGCCTCATTTGT	2008	2	105	7031	2017	Fincher.3
TTGCTTGACTCA	1915	3	134	6847	1989	Fincher.3
TACCAATTCGAC	1903	4	156	6467	1914	Fincher.3
TCCGATCAACAA	1833	2	123	6119	1934	Fincher.3
TGCGTCGACAAG	1648	2	65	5705	1859	Fincher.3
ACGATGTGTTCG	2195	0	119	9480	2671	Fincher.3
ATATATTTCCTT	1197	2	35	7521	2360	Fincher.3
CACATTGGGTCG	1402	2	97	5667	1813	Fincher.3
CCTCGCTGAACG	1643	4	129	7202	2021	Fincher.3
ATTCATCAAACG	1963	3	191	7920	1755	Fincher.3
TAGCCGGAGTGT	1380	2	105	5860	2019	Fincher.3
GCACTTTCAGTC	1550	1	81	6809	1810	Fincher.3
ACGGCCGCGTTA	1527	2	28	6644	1627	Fincher.3
CATTATAGTGAG	1920	6	318	7481	2146	Fincher.3
CACTTCTAAAGA	2050	2	219	3321	640	Fincher.3
CACTATCTTCTA	2112	2	196	8678	2306	Fincher.3
CGCGACTTCAGA	1763	2	96	6247	1705	Fincher.3
TACACGTATTTC	824	3	38	5313	2109	Fincher.3
CGTTGAGTTCGT	1691	2	109	7155	2224	Fincher.3
ATGCCGTCGAGT	1502	2	45	4445	1479	Fincher.3
GTAGGGTGAGTG	1791	4	52	7643	1950	Fincher.3
TGGTCTCCCGCG	1867	3	109	7799	2226	Fincher.3
CAAATGACGCAG	1858	4	74	6575	2016	Fincher.3
TTTTTCAAGCCT	626	1	13	6829	2580	Fincher.3
AGTTCGCTTTTA	1668	1	100	4744	1525	Fincher.3
GTTGTAACTTCG	1892	2	141	7084	2108	Fincher.3
AGGATGTCTAGA	1727	6	188	7602	2042	Fincher.3
GAGAGCACCTGG	1702	2	85	5436	1752	Fincher.3
AGTGAGGAGGAT	1925	1	169	7110	1970	Fincher.3
TACCGGCCAGCC	412	0	26	6933	2603	Fincher.3
CCCTGGTTTTTA	1779	4	119	7440	2160	Fincher.3
TTGTACCATCTA	813	3	36	5373	1525	Fincher.3
TGCGAAGTTACG	1912	2	150	6890	2089	Fincher.3
ACGAAGTTCCAC	1317	2	98	5240	1730	Fincher.3
ATGCCGGCTTCT	1598	2	89	5514	1805	Fincher.3
CTGTGCTTATTT	683	1	21	6785	2339	Fincher.3
ATTGGAATATAG	2022	1	137	6847	2023	Fincher.3
GTGGCATGGTGC	1621	3	87	5717	1938	Fincher.3
GCGATGAGCGTT	644	2	69	4531	1667	Fincher.3
ATCAGCAGTTCG	1705	1	108	5821	1915	Fincher.3
CCCCTGTTCTAC	1200	1	51	4901	1520	Fincher.3
CTTATCCTTGAC	1566	10	263	7629	1981	Fincher.3
CTATTCCTAGCC	962	3	35	7440	1737	Fincher.3
TTGCGCCTGCAC	2195	3	94	6672	1950	Fincher.3
ATGCTTTGATCA	1558	3	215	8399	2132	Fincher.3
ATCGATACTACC	1521	10	171	4750	1603	Fincher.3
ATACAGATCGTG	1870	0	99	5573	1744	Fincher.3
TCTAAATGGTTT	423	2	21	5582	2369	Fincher.3
ATTATAGATCCG	1479	3	105	5649	1816	Fincher.3
CGTGTGTAGATT	1455	0	82	4670	1471	Fincher.3
ACTACAGGAGGC	962	2	52	6276	2196	Fincher.3
TACAAATAGTCG	773	6	112	3446	1390	Fincher.3
GGGCGCCGCCAC	1949	2	162	11340	2852	Fincher.3
TGCATAATCGCC	657	1	11	4849	2111	Fincher.3
AGTCAATTGGTT	573	0	19	6783	1673	Fincher.3
AGGTGCAGGTTT	2115	8	85	6118	1476	Fincher.3
CTAATCACCTAT	1610	3	205	5574	1532	Fincher.3
CTGAGTGGAGGT	860	0	29	5287	1956	Fincher.3
CGTGTCAGCAAT	1271	2	54	5257	1755	Fincher.3
GTTAGGGGTGAT	1680	2	107	7987	2427	Fincher.3
GGCCTGACAAGA	1602	1	77	4414	1446	Fincher.3
CTGTTCTAGAAA	821	3	83	5393	2193	Fincher.3
GTAAGGAGCCAC	1288	2	89	4816	1635	Fincher.3
TTTGAAAATATG	769	0	52	3788	1548	Fincher.3
GAATCAGGTTAG	1463	5	122	5061	1601	Fincher.3
TGCTAAGTGTCC	1625	1	98	6116	1799	Fincher.3
GGATGCGGAGCC	1665	1	92	6924	1890	Fincher.3
TGCATTAGAAAC	783	3	24	5286	1974	Fincher.3
TCAACGCGGAGA	1454	2	75	4778	1579	Fincher.3
AGTAAGTCATTT	1075	2	44	4037	1198	Fincher.3
ATAATACTATCC	1277	8	82	4766	1548	Fincher.3
GAATTCTCTGAA	2450	13	120	3393	514	Fincher.3
GCCCGCGCAGAG	1627	5	125	7382	2161	Fincher.3
GTTGTTACAAGA	1556	3	96	5882	1902	Fincher.3
GTATATACTGGA	1634	6	195	5150	1225	Fincher.3
TTGAGAGTCTAG	1759	2	77	4847	1523	Fincher.3
TTATCGTTCCGG	1227	3	81	4624	1526	Fincher.3
AAGACCTAGTCG	1311	6	154	6490	1885	Fincher.3
AAACGAATCTAA	955	6	122	5682	1726	Fincher.3
CTTCTAATTGAA	1819	2	124	5979	1768	Fincher.3
GGGCGACGGATC	1706	5	76	8845	2519	Fincher.3
TGCCCTTCGTTG	1283	0	92	6369	1904	Fincher.3
TCCGCTGTAACT	1117	2	29	5197	1787	Fincher.3
TATAGTCCGGAA	1337	4	143	4671	1591	Fincher.3
TGTTCCATTACA	2203	5	39	2708	362	Fincher.3
GTATATAGCAAA	1125	2	101	3757	1286	Fincher.3
AACACGTCTTTG	1604	12	72	5677	1616	Fincher.3
CTGTGGACCACC	1348	2	130	6171	1748	Fincher.3
GTGGTGAAGCAT	792	2	31	5099	1402	Fincher.3
CCAAACCCCTCG	665	1	17	4564	1803	Fincher.3
GACGTCCTTTAC	1552	5	49	6365	1873	Fincher.3
GCTTCTGCGGTT	2319	5	66	3700	803	Fincher.3
GAGGGATTAACT	894	1	24	6608	2429	Fincher.3
AAGGTAGGGAAT	1530	7	103	6313	1992	Fincher.3
TAACTGCCTTGA	1904	5	144	6985	2143	Fincher.3
ATACCTATAGAT	1297	2	95	7263	2143	Fincher.3
AACTCCGAAACT	1511	0	96	4770	1420	Fincher.3
CTCTGAAGAGTA	644	2	32	3993	1646	Fincher.3
TCATATTAGTCC	1517	5	166	5553	1661	Fincher.3
TCGTCTGCTGGT	1216	1	75	5585	1769	Fincher.3
GTGGCATGGTGG	898	1	68	4377	1725	Fincher.3
TCAGAGATCGAC	1391	3	66	5585	1861	Fincher.3
CTTTGTATAGTC	2072	5	157	3110	699	Fincher.3
ACCTGGGCCCCT	1333	0	68	4288	1461	Fincher.3
CGACTTCCATGT	1310	0	35	4118	1469	Fincher.3
TTCTTGTGAACA	1102	1	63	4357	1722	Fincher.3
CATGTAAGAGTT	1532	0	76	4726	1631	Fincher.3
CCGACGAAGGTT	889	0	55	5813	1676	Fincher.3
ACCTTCACGCAA	1466	0	108	6398	1843	Fincher.3
TGGCTCTACTTT	1687	1	128	6893	2147	Fincher.3
GTCCACGTGCTA	1138	4	46	4020	1377	Fincher.3
CGCGTCAGACTT	1122	3	41	5965	1775	Fincher.3
AACCTGCCTTAA	462	2	20	4885	1834	Fincher.3
AGCACAGGCTAA	1473	1	60	6352	1910	Fincher.3
ATTCATTGTGGC	1701	4	115	6450	1923	Fincher.3
GAGGGTTTTCGC	1336	1	44	4200	1401	Fincher.3
TAACAGGAACGT	1420	4	113	4720	1626	Fincher.3
GCGTGTGCACGA	1549	2	83	6012	1917	Fincher.3
GCTGATATTCAG	831	3	49	4518	1545	Fincher.3
AATAGCTGTACC	1630	4	101	3896	1044	Fincher.3
AGGCAAGGTTAC	1780	3	114	6348	1900	Fincher.3
GCCGGTCGTCTC	1023	1	17	4350	1553	Fincher.3
TCATGTCAGCGG	1320	1	39	4143	1359	Fincher.3
TCACTGTTGTTC	1614	3	139	5815	1759	Fincher.3
CCAATACAGCCG	625	1	53	5054	2091	Fincher.3
CTCCAGCCGATG	1412	3	57	4569	1580	Fincher.3
ATGATGAGCGAA	1349	4	95	5063	1568	Fincher.3
AACAGCGTTAAA	1787	1	119	2327	340	Fincher.3
TCATCCCGCGGG	1200	2	65	5867	1781	Fincher.3
TTCGGTAGGCAA	1479	3	84	5080	1695	Fincher.3
GCCACGCAGTCA	948	1	71	3701	1326	Fincher.3
AGGTGCAGGAGC	1459	0	101	4304	1425	Fincher.3
AGCGGCCCTCCA	1649	1	95	5317	1579	Fincher.3
AGCCGTAGTAGG	2266	2	67	3015	528	Fincher.3
TTTGATTTCAGG	987	6	27	4125	1478	Fincher.3
CTTTTCATCTCC	1156	2	59	4090	1431	Fincher.3
AACCGTGGAGAG	203	1	6	4494	2079	Fincher.3
CTGCACGTACAC	506	1	10	5696	2267	Fincher.3
TAACCTAGAGTG	1436	4	150	5527	1712	Fincher.3
CTACATGCTGCC	1164	1	26	6936	1322	Fincher.3
GAATAACGTCAG	1726	4	100	5486	1775	Fincher.3
GATATAAGCTGC	922	2	37	3307	1323	Fincher.3
CAGCTAGACCTC	1013	1	75	4296	1490	Fincher.3
TCGCGGATGTGG	1023	1	62	5613	1646	Fincher.3
AGATTTGCGCTA	1233	1	89	4820	1543	Fincher.3
CAACTAGGAACA	512	1	18	3898	1601	Fincher.3
ATCCACTCCGAA	1934	7	86	3800	891	Fincher.3
ATCGAGCTGACA	1621	5	43	6240	1761	Fincher.3
GGCGTAGCTCTT	1298	1	58	5512	1760	Fincher.3
GGTAAGATTTGG	1151	0	84	6031	1660	Fincher.3
CTCTTATATTCA	1484	0	88	4321	1431	Fincher.3
CCAGCCCCCAAC	460	4	13	3967	1866	Fincher.3
GTGTTGTCCAAT	1281	1	65	3783	1290	Fincher.3
CGTCGGATGCCA	1491	2	45	4450	1368	Fincher.3
TAGTTGGCTTGA	1440	0	59	4048	1317	Fincher.3
CAGGTCACAGGA	1199	1	26	3448	1282	Fincher.3
TAAGCCCTCCGC	2075	5	45	2472	258	Fincher.3
TTGAAGGCAGGT	620	4	23	4097	1732	Fincher.3
AACACGAATGAT	899	4	82	3908	1422	Fincher.3
GGGCTGATTAAG	2081	1	71	3040	597	Fincher.3
CGCCCTGTATAC	1656	3	81	4583	1396	Fincher.3
CTCTGACCTCAT	1232	0	37	3529	1212	Fincher.3
TGAGTAACAACC	560	1	27	3874	1653	Fincher.3
GTGAGCGGTGGC	1311	1	35	5469	1566	Fincher.3
TTTTGATGCATG	1115	4	72	5829	1702	Fincher.3
CGTAATCGTATC	1858	2	113	3565	752	Fincher.3
TGTATCCGACGT	422	2	21	4654	1616	Fincher.3
TACAAATAGTCA	629	0	83	2510	1055	Fincher.3
CTTTGTGGCTGG	1031	0	54	3830	1391	Fincher.3
CAAACGGTAGAG	1025	4	63	3462	1262	Fincher.3
CCCGTTGGCGAG	1391	2	44	4445	1454	Fincher.3
CAACCCGCGTTA	706	0	14	5663	2053	Fincher.3
ATGACGTGCATT	1360	3	50	3953	1522	Fincher.3
TTAACGTAAGCA	613	0	14	3575	1290	Fincher.3
CTTGTCCTAACG	385	1	21	5581	1737	Fincher.3
CGGTGGACCCGT	1197	1	47	4691	1548	Fincher.3
ACCAACCGTTGA	1296	2	92	5103	1747	Fincher.3
AGTCTGCCACAA	1084	3	55	4052	1451	Fincher.3
ACCCTAGCGGTA	1384	0	55	4991	1525	Fincher.3
ATCAGGTTTATG	943	1	91	4739	1547	Fincher.3
TATTGTTCATTG	918	3	79	4369	1429	Fincher.3
TGCGACAGTCGG	1397	1	42	4785	1664	Fincher.3
ACGTTGGCTGTG	1211	5	35	4267	1298	Fincher.3
AGCCGGTGACAT	1361	3	68	3495	1115	Fincher.3
TCCACCCGAACA	1255	1	92	5210	1579	Fincher.3
CGGCGATCGTGA	1487	4	86	6625	1800	Fincher.3
AACCTCTCCTAA	847	3	56	4829	1552	Fincher.3
CCCCATTGCTGC	1030	1	37	3581	1314	Fincher.3
ACCCCACCACTA	1442	0	81	5611	1611	Fincher.3
CATTCGCCAGGT	704	2	21	3562	1402	Fincher.3
TCCGATAGTTCC	1669	17	60	5300	1346	Fincher.3
AGGGCGGACTTA	1162	0	61	3468	1234	Fincher.3
CAACACATGAAT	1533	2	113	4017	1232	Fincher.3
CTGTCGTATGGG	1259	2	69	4784	1835	Fincher.3
ACCGTCATTTCA	1359	0	78	3517	1190	Fincher.3
TGTAACGTACTA	1224	2	38	3062	1130	Fincher.3
TACATGTCTGCT	1553	1	74	2219	457	Fincher.3
CCTTTTATGACT	1242	2	38	3302	1081	Fincher.3
CCATAAATCGTC	1467	5	71	4030	1372	Fincher.3
CCACTAGCCACT	1240	2	51	3697	1267	Fincher.3
GAGATGAGGTGC	1497	2	66	5787	1732	Fincher.3
GATGAGATTACC	2042	3	132	3395	541	Fincher.3
CTAATGGACAGA	1606	3	87	4443	1299	Fincher.3
TCCATACTCTTG	1049	4	55	4451	1535	Fincher.3
TATTCGAGAACT	956	4	40	3044	1189	Fincher.3
GGTGGCGACCTA	1712	1	77	6413	1792	Fincher.3
AGCAGATCGAAC	1226	4	85	5572	1853	Fincher.3
GCTCCTGTCGTC	419	0	9	4219	1858	Fincher.3
AATAGTGCCCTT	842	1	55	3470	1502	Fincher.3
ACGCCGCACAAC	602	0	19	6022	2346	Fincher.3
GCGAGGGAATCT	1117	1	39	3376	1251	Fincher.3
GGAAATTACGAT	449	1	22	3510	1714	Fincher.3
AGGTATTTCAAA	472	1	12	3417	1728	Fincher.3
TACAACGGGCAC	1170	1	51	4489	1525	Fincher.3
CCGTGTAAAGGA	1396	7	42	4439	1277	Fincher.3
CCCTGGCCCGCA	1009	1	15	2893	1089	Fincher.3
AAAGTATTGATG	286	3	12	4528	2245	Fincher.3
CGAAGGAGGGAT	1382	0	50	4053	1233	Fincher.3
AATTATTATTAT	738	1	27	4267	2003	Fincher.3
TTTGTTGCGCCG	1122	2	43	5097	1849	Fincher.3
TCAGATAGTGTT	1004	6	95	3139	1151	Fincher.3
GCAGCCAGCTTG	1131	0	41	4848	1557	Fincher.3
TGTGACCGTATG	921	5	17	5190	1419	Fincher.3
CAAAATACCTTA	648	0	25	3781	1778	Fincher.3
TTTACGACTTCA	493	0	17	3487	1548	Fincher.3
TTGAGCCTACAC	1487	1	100	4555	1452	Fincher.3
TAATAGTTATTC	1269	2	66	5776	1659	Fincher.3
ATGTTCCCCGAG	1269	4	50	3556	1076	Fincher.3
TACGACATACGA	1482	4	78	5033	1512	Fincher.3
GTGCCCCTCCCA	1896	10	62	4419	982	Fincher.3
TCCCCAACGGCA	1025	2	23	6298	1017	Fincher.3
CGGATAGTCTTC	781	3	25	5914	2057	Fincher.3
TCCGCAGGGGTA	840	0	31	4173	1331	Fincher.3
CCAATCATTGCG	928	5	62	2897	1051	Fincher.3
AGCCACCATGGG	1404	2	66	3390	896	Fincher.3
GGTTACGCCCAT	546	4	17	4847	1799	Fincher.3
CTCCCGACATTC	696	1	20	4577	1907	Fincher.3
TGCAAACGAAGG	887	1	26	4421	1530	Fincher.3
GGGATTCATCAG	927	2	65	3678	1287	Fincher.3
GGCCTTGGGAAC	1422	3	45	4631	1543	Fincher.3
CATTGCAGAACG	1284	3	71	5113	1629	Fincher.3
ACAAAGGAGAAG	677	7	44	3033	1182	Fincher.3
AACCCAAAGGGC	493	0	23	3785	1789	Fincher.3
ATAGATATTTAC	1133	1	43	3861	1266	Fincher.3
GTCGCGAGGACC	2267	8	90	2800	305	Fincher.3
GATGCGCTCTCG	1218	0	47	5825	1732	Fincher.3
CGTGCCTTTCCG	1304	2	78	3774	1238	Fincher.3
GGACTGACGGGA	462	0	13	4202	1816	Fincher.3
AGAGGGAAGCCT	1267	1	56	4637	1494	Fincher.3
GCCCACGCACCT	1661	6	56	3959	1169	Fincher.3
GCAATGTCCGAC	1680	2	61	2931	799	Fincher.3
AGAGAGGTTTGT	464	0	8	3177	1455	Fincher.3
TTTAAAACAACA	373	2	18	3986	1723	Fincher.3
TATTCGCGATCC	1769	1	59	2118	242	Fincher.3
TCCCCGGCTCAT	366	0	12	4088	1539	Fincher.3
ACGGCTCATGGA	1673	7	67	4137	1027	Fincher.3
GAGCTGGGCTGG	1528	2	28	3797	1036	Fincher.3
GATTCTTACTCG	864	1	29	3603	1300	Fincher.3
AGTTTCCTAGGA	1802	0	56	2258	317	Fincher.3
GAGATAGAGCAT	1288	6	54	2866	963	Fincher.3
TTCAGTGAATTA	1530	1	89	1966	262	Fincher.3
AGAACGGCCACA	1409	4	82	4789	1634	Fincher.3
GGAGGGCTTACA	1450	0	31	4156	1357	Fincher.3
TACAAATAGTCC	612	0	55	2253	972	Fincher.3
GCGTCGACGCAT	1524	1	84	4314	1359	Fincher.3
TACACACGACCC	1093	6	41	5507	1842	Fincher.3
TTCGACGCAACT	924	1	31	3701	1332	Fincher.3
GCACTACAAGAA	1144	1	43	2769	911	Fincher.3
TAACTGTACGGC	683	1	6	5275	2043	Fincher.3
CGGATAGATAAG	674	0	60	2625	1143	Fincher.3
CGATACATCCCA	1154	5	107	3391	1057	Fincher.3
GTCTGGGAGGTA	1097	1	40	3141	1153	Fincher.3
GTGGTGGCTGCG	916	6	23	5865	1431	Fincher.3
GGAACTTTTAGA	583	0	19	3585	1636	Fincher.3
CAATCCCCCCGC	609	1	16	3857	1731	Fincher.3
CGCGTCGGTAAA	686	4	17	4708	1734	Fincher.3
AGCACCCTTGGC	1687	6	51	2130	341	Fincher.3
CGTACCGCGCAG	1043	3	46	3875	1301	Fincher.3
TCACCACCAGCG	1245	1	39	4093	1190	Fincher.3
ATCTATTTTTTG	1430	1	49	4497	1368	Fincher.3
GACGATAAACTG	1499	0	39	2323	561	Fincher.3
CCCCAGTTAGGT	444	0	20	3353	1500	Fincher.3
AACCTCTTATTT	501	1	25	3843	1680	Fincher.3
CGTATCGTCCCA	993	3	36	4387	1178	Fincher.3
AGCAGATTATCA	564	0	17	3086	1523	Fincher.3
GTTAACATGGGG	1168	0	47	4188	1449	Fincher.3
AATCAATTATTA	1341	2	119	2684	790	Fincher.3
GTAAGACACTGA	1000	4	34	2468	906	Fincher.3
TATCCGGGCCAA	864	1	22	2444	848	Fincher.3
CTAGCAATTGGT	502	1	18	4224	1998	Fincher.3
TAGAAGGTTCAG	1103	6	131	3851	1305	Fincher.3
CGATTATAAAGC	1938	21	68	3297	679	Fincher.3
TCTGTCGTGCTC	1051	1	65	4307	1425	Fincher.3
GCCTCTGGGCCG	1471	3	58	5937	1818	Fincher.3
TGTGGTTTTGCG	1091	0	49	4293	1507	Fincher.3
CGTGGTCTGCCG	603	0	24	2873	1196	Fincher.3
GGGAGAGTTGTA	505	2	17	5008	1533	Fincher.3
CACCCTCCCTCG	1256	4	54	3373	1144	Fincher.3
TAATAGGTGCCA	557	1	8	4145	1051	Fincher.3
GTCGGAGTAAAA	1090	1	70	3408	1346	Fincher.3
TGTAACTTTTAG	623	0	26	4664	1565	Fincher.3
GGAAGGGCTGCG	1057	1	39	3611	1277	Fincher.3
AAATTGCGACAG	1020	0	24	3215	1185	Fincher.3
CAACTAGACATC	353	1	25	3524	1761	Fincher.3
GGTCAAACGGGC	1500	2	66	5304	1856	Fincher.3
CTTGGTGCATGA	1531	3	73	5878	1485	Fincher.3
TGAGATGCCATT	1037	0	51	2805	1059	Fincher.3
CAGAGCGATTCC	1219	0	77	3862	1381	Fincher.3
AATTGCTTTATG	1572	1	109	2631	679	Fincher.3
TTCAACAGTCCT	698	3	18	3856	1561	Fincher.3
GCGGGCAGCATA	1629	0	54	5997	1676	Fincher.3
GACCGTCGTTGA	936	1	16	2542	991	Fincher.3
GTGTTAGAGCCA	627	1	16	3790	1399	Fincher.3
CTTTTTCTTAAA	972	2	21	3640	1359	Fincher.3
CTAAAAATATAC	1299	1	66	4409	1531	Fincher.3
GAAAATCACGCC	1028	3	55	3605	1311	Fincher.3
CCCCCAGTTGCA	956	2	71	3248	1219	Fincher.3
TTCGAGTGTGCA	1035	1	19	3053	1139	Fincher.3
TAGTACTGCGAA	181	0	4	3076	1605	Fincher.3
GGAACGCAGGGT	734	3	23	2715	1159	Fincher.3
GCGGTCCCCGAT	1551	9	75	5064	1547	Fincher.3
GTCTCATCTAAA	262	0	6	3390	1672	Fincher.3
TAATCTATTTTA	1112	1	59	3865	1293	Fincher.3
GTGGTAGATCAG	1851	7	111	2921	718	Fincher.3
GAACGCGCAGCT	1213	2	35	4922	1229	Fincher.3
GTTAAAAATTCC	1874	1	189	2874	482	Fincher.3
ACCCCTAGTTGC	1258	0	75	4388	1506	Fincher.3
GTCTCATCAGTT	956	4	19	2900	1074	Fincher.3
AGCTAGCCGGGA	710	1	30	4991	1570	Fincher.3
CGCCCCTCTTCG	873	2	15	4448	1624	Fincher.3
TGCTAGTTTTCC	951	3	41	2421	924	Fincher.3
CCTGGAGGCCCC	509	0	12	3900	1567	Fincher.3
CTCATATAGGCC	525	0	24	3112	1489	Fincher.3
GACGGAGGCCGG	1186	4	52	5236	1624	Fincher.3
CATATCCGGGCC	283	0	13	3163	1449	Fincher.3
TGAACCCTAATC	519	2	7	4083	1541	Fincher.3
GCTAAGACCAGA	1107	3	34	2639	745	Fincher.3
CCGAGGAACTAT	1077	4	61	3945	1327	Fincher.3
GCAAATCCCTTG	1105	2	41	2931	1083	Fincher.3
CACTCTTATCTG	634	4	60	3686	1305	Fincher.3
TGATCGAGGGAC	916	0	51	2692	1025	Fincher.3
GCCGTCTCACAG	728	2	6	4652	1154	Fincher.3
CACAAGCGGAGC	306	0	6	2580	1271	Fincher.3
GGTCTGCACAAA	450	1	12	3317	1558	Fincher.3
GTGTATTGTTAG	665	2	35	3961	1747	Fincher.3
GGAGTGTTCATT	682	1	38	3553	1298	Fincher.3
GAATGGGGAGAT	1040	1	40	3397	1252	Fincher.3
GTCATTTTCTAC	1171	1	57	3171	1142	Fincher.3
TCTGGGTCCGTG	1351	0	19	2258	635	Fincher.3
TCGGAAACACTA	364	1	17	3364	1459	Fincher.3
CCACGGGTTTAC	254	0	8	3286	1583	Fincher.3
CCTCATCTAAAC	1258	6	122	4042	1239	Fincher.3
CCAGAGATAGCC	796	1	37	3112	1273	Fincher.3
CCGAATACTAAT	860	2	27	2240	946	Fincher.3
TTTATGCTTGGG	869	1	22	2796	1020	Fincher.3
GAAGGAGGAGAA	1187	5	73	3020	977	Fincher.3
GTGGTTTTTTAG	672	1	75	3248	1275	Fincher.3
CCGCGTATTCGA	760	2	18	3126	1186	Fincher.3
AGTGTCTAGCCG	658	1	11	3544	1431	Fincher.3
TCCAGTTATTAA	243	0	7	3311	1427	Fincher.3
TAATGGTGGGCT	973	0	28	3675	1270	Fincher.3
AGGGTTAGGGAT	980	0	24	3264	1231	Fincher.3
CCGTCCAGAAGA	1170	2	55	2432	718	Fincher.3
GTTCCGACTTGG	661	0	57	2784	1134	Fincher.3
GCGACAGCGGTC	1062	4	39	4489	1535	Fincher.3
GCGAACCTTATG	486	1	7	2783	1224	Fincher.3
CGGTAGTGATAT	1025	0	44	3204	1326	Fincher.3
GAGATGCTTAGC	979	2	45	3431	1142	Fincher.3
GTGGCATGGTGA	688	0	42	2618	1134	Fincher.3
GCAGAAGCAGAC	330	0	10	2805	1461	Fincher.3
CAGTATTCGAAC	1057	4	88	3899	1246	Fincher.3
ACCGGTGCGATC	922	0	18	2639	1132	Fincher.3
GTGCTCGAAATC	1133	2	48	3507	1237	Fincher.3
ATCGCGACATAG	598	0	30	3487	1232	Fincher.3
AAACATGCTTTA	412	1	21	3802	1615	Fincher.3
GCGCCAACGATC	1005	0	45	2814	995	Fincher.3
CCCTCACGAGGC	895	3	30	2705	1148	Fincher.3
TCCATAGTGGTC	924	2	65	2556	978	Fincher.3
ACAATAAGCACG	715	3	34	3604	1357	Fincher.3
TAAAACGCGTTT	474	0	12	4080	1588	Fincher.3
ATGACTTTTTGA	688	0	65	2627	992	Fincher.3
TTTCGGCATTAG	737	1	32	2916	1027	Fincher.3
TCAGAGTTGCCA	255	0	2	3073	1486	Fincher.3
TGTATCCCCTCC	1810	3	28	2277	341	Fincher.3
CGAATATTGCGA	1121	2	38	3376	832	Fincher.3
TACGCAATTATT	1114	1	58	2955	1025	Fincher.3
GGAAGCTCAAGC	1095	1	37	3045	1179	Fincher.3
CCATACAACTTG	547	0	13	2866	815	Fincher.3
AAGACGAGCTCC	1935	2	84	2312	240	Fincher.3
TTGCAAGGGTGT	985	0	41	3238	1215	Fincher.3
CAACGAGAGGTG	321	2	10	3595	1722	Fincher.3
GTGGTTTTTTTA	926	0	71	3457	1271	Fincher.3
TTCGTCGGATCC	716	1	23	2397	987	Fincher.3
TGGAGATGCTAA	1273	4	40	2803	803	Fincher.3
CAAGTCTCTCTG	347	0	8	3053	1449	Fincher.3
CAAGGCCGGGGG	514	1	9	3405	1343	Fincher.3
TACAAATAGTCT	526	3	49	1857	811	Fincher.3
ACCTAACTACAA	1063	2	99	2866	1047	Fincher.3
ACGCAACTTTCA	532	5	10	3185	1068	Fincher.3
GATAAAGGGTTT	483	0	14	2133	878	Fincher.3
GTTCCTCTATCC	1148	0	74	3987	1327	Fincher.3
TGATGGCAGTTT	315	0	18	2974	1299	Fincher.3
CCTCGATGACTA	877	2	31	3217	1066	Fincher.3
CGGGAGGCCAGT	1525	4	63	2469	357	Fincher.3
ACCTATAGCCCT	640	0	27	3364	1335	Fincher.3
CTAAGACCTTCT	625	3	25	2950	1315	Fincher.3
GTAGCTAGCCTA	1495	1	59	2217	499	Fincher.3
GATCCGAGTAAT	453	0	14	3300	1432	Fincher.3
TACGTAGGACAA	427	1	11	2705	1313	Fincher.3
GCGTATTAGTGC	432	1	11	3992	1769	Fincher.3
GAGGATCTTGAG	866	2	28	3028	1096	Fincher.3
AATCTTGTGATC	1025	0	69	2629	840	Fincher.3
TAAGCACCGGAC	369	3	15	3039	1287	Fincher.3
CGTGTTACAACA	451	1	18	3750	1627	Fincher.3
TTATAGGTTCAG	814	0	25	2579	1014	Fincher.3
GCTTTTGGAATA	1145	7	40	1766	431	Fincher.3
CTGTTCGCGGGG	1087	0	26	3495	1155	Fincher.3
ATAATCGAGGTT	250	1	8	3160	1546	Fincher.3
TTGAACGATCAG	593	3	19	2698	1099	Fincher.3
CACCAGACATCC	374	0	13	3079	1532	Fincher.3
ATTGGAGGCCCT	869	3	52	3945	1357	Fincher.3
TCGCGCCAGGCG	1100	1	43	4179	1390	Fincher.3
GCACAAATAGGG	458	0	10	3206	1385	Fincher.3
ACTCAGGCCTAC	816	1	36	3315	1200	Fincher.3
CGCCGGATTCCT	999	0	23	2230	764	Fincher.3
ATTGTGCCGCCC	1174	1	45	4046	1325	Fincher.3
ACTCCTGTACAA	593	1	77	2819	1091	Fincher.3
CTATCAACGAAA	1103	3	43	2194	687	Fincher.3
TATGAGGCTTTA	440	0	9	2805	1390	Fincher.3
CGGATAGATAAA	562	0	41	2125	950	Fincher.3
TACCAATTTATG	319	0	15	3197	1246	Fincher.3
GGAATTTGTCAA	476	1	20	2691	1216	Fincher.3
CAACTTCCCTTG	459	1	15	3276	1412	Fincher.3
TAGCGGCCCTTG	923	1	26	2587	893	Fincher.3
AGGGGGTCCGTA	1082	3	36	3342	1188	Fincher.3
ATGCTAAGTTCG	1239	2	54	3370	1074	Fincher.3
AACACGGGTATG	644	1	38	2491	1059	Fincher.3
TGGATAACCCCG	936	3	47	2568	1022	Fincher.3
CTCAGCGCATCG	301	0	5	2189	1162	Fincher.3
CATACCCCGGGA	683	0	30	2178	887	Fincher.3
GTTTGTTAGGTT	653	2	34	3392	1213	Fincher.3
CGCGGCTCGAAG	754	2	32	3477	1307	Fincher.3
GAGCAGGGATGG	762	0	23	2373	919	Fincher.3
TGGTGGGTTTGA	1123	3	47	4549	1464	Fincher.3
AAGTTGGTTGCT	725	2	24	3299	1325	Fincher.3
ATTCCGCGAGAT	1024	3	13	2045	691	Fincher.3
GTGACGCTTAGG	569	1	43	1892	867	Fincher.3
GTGCGAATCGCT	337	2	4	3824	1589	Fincher.3
GATTAGGCGCTG	676	1	27	3149	1167	Fincher.3
CGGATAGATAAC	546	1	36	2039	912	Fincher.3
TCCGGGAGTATG	679	1	20	3146	1355	Fincher.3
GCAATGTCTTAA	570	2	8	3641	1522	Fincher.3
TGAGCGTCTCAA	1518	2	67	2207	496	Fincher.3
TGATCGGCTTTG	686	0	15	1991	844	Fincher.3
AACTTATCGACT	694	2	35	4060	1100	Fincher.3
AAAGAGTGTAAT	757	3	50	2169	811	Fincher.3
GCTAGTAATACA	514	0	32	3261	1511	Fincher.3
ATGATTATCGAA	857	2	36	2167	818	Fincher.3
GGCGCATTATCA	1128	0	48	3818	1314	Fincher.3
AGAGCAACTGAT	772	3	72	3069	1107	Fincher.3
AAGTTCCTAACT	432	0	11	2296	1135	Fincher.3
TGCCTAGCGCTC	346	2	5	2356	1253	Fincher.3
TATTGCCCAATT	872	2	16	2616	942	Fincher.3
CTGTTTTAGCTC	1369	3	28	1660	223	Fincher.3
TGGTTCGCGGTT	3	1	8	1540	1463	Fincher.3
TTAGTAAGGGCT	352	2	12	2370	1170	Fincher.3
CTTCTAAAAAAG	730	2	31	2476	986	Fincher.3
GGAAAAGTATCA	572	1	19	3304	1344	Fincher.3
CGGAAATCAAGG	748	0	19	2773	909	Fincher.3
GGACATCACAGA	726	0	25	2219	984	Fincher.3
AGTTACGTTGTG	701	0	12	2964	1372	Fincher.3
ACACTAGAGCTG	804	2	57	3233	1277	Fincher.3
TTTCCACCCACT	359	0	11	2937	1304	Fincher.3
GCAGACTGCTAC	324	0	6	2120	1151	Fincher.3
GTCCTTAGTTCG	758	2	16	3001	1239	Fincher.3
TGAGTAAGTCCA	368	1	23	2257	943	Fincher.3
CGAATAAGGGGA	362	0	15	3006	1513	Fincher.3
ACTGTAGAAGTA	1403	2	88	2155	485	Fincher.3
TGATCTAATTTA	465	0	16	1894	886	Fincher.3
TCACGTAGCTTT	475	0	13	3284	1547	Fincher.3
TACGAGGATGTG	813	4	26	2829	1140	Fincher.3
CCGCGGATGGGA	894	1	19	2871	1123	Fincher.3
TGAAGACTGACG	537	1	13	2501	1076	Fincher.3
AATGTACACGGA	445	0	13	2557	1259	Fincher.3
TGTATGATATGC	794	5	82	2641	986	Fincher.3
AGGGTCACTGAT	1046	0	75	3715	1227	Fincher.3
ATAGAGAATAAG	259	2	14	2022	1110	Fincher.3
CGATAGGAAGAG	566	3	51	1928	822	Fincher.3
ATAACCAGGGAC	1027	1	27	1678	406	Fincher.3
CGGATAGATAAT	521	2	33	1969	924	Fincher.3
ATATTATCGGTT	1076	1	54	3185	1150	Fincher.3
TTGGCGAGAGAC	249	0	9	2909	1487	Fincher.3
ACTCGGTATCGA	1175	0	61	3879	1290	Fincher.3
ACTTGGCGCTGT	1648	1	94	2351	488	Fincher.3
AGATGCTAGGAC	1059	2	73	3086	1118	Fincher.3
GCGTCTAGCGCT	641	0	22	2234	954	Fincher.3
ATTTGTGAATAT	432	0	24	1955	1025	Fincher.3
CGGTTCGCGCAG	894	1	12	2325	870	Fincher.3
ACCAACCGCCAC	454	1	24	3755	1680	Fincher.3
AAATGTAAGAGG	350	4	94	2260	1031	Fincher.3
CTTATGGCCGTC	917	1	34	1920	656	Fincher.3
TATCTTCTATAG	767	0	15	2352	871	Fincher.3
TCGTCTTTTATT	999	1	35	3600	1359	Fincher.3
TCACTTGTGTCT	940	2	43	3140	1189	Fincher.3
GGGACGCTCTGC	1130	1	27	3634	1311	Fincher.3
ATCCTCCAGGCA	365	0	16	3354	1425	Fincher.3
TGCTGCAAGGCG	974	1	50	3407	1180	Fincher.3
TACCAGTTATAG	884	3	26	2258	875	Fincher.3
CACCAATTGTAG	354	2	19	2284	1234	Fincher.3
AATCTGATAGCG	1136	3	55	2739	897	Fincher.3
GCTGCTATTTGC	805	0	20	3459	1370	Fincher.3
TCACGTACGTAG	274	0	11	2906	1345	Fincher.3
CCTATCCGCGAT	1150	0	70	2975	988	Fincher.3
CCTGCTATCGTA	1079	3	50	2943	915	Fincher.3
CGATCTCCGGGA	353	3	17	3266	1582	Fincher.3
CAGTGAATTAGT	490	3	18	2620	1156	Fincher.3
CTTGCGTCATGG	197	0	3	1813	1011	Fincher.3
AGATTCGCATGT	942	0	47	2638	940	Fincher.3
GACTGAATTAAG	460	2	7	2364	1078	Fincher.3
AACAACCGCTAT	445	1	7	2335	1046	Fincher.3
TTGCCTTTACTG	324	1	19	3168	1372	Fincher.3
TTGAAGCGTGAA	953	1	85	2801	930	Fincher.3
CAACTCCGTACC	415	1	13	2117	947	Fincher.3
ACTACGGGATTT	1077	0	32	2471	829	Fincher.3
ATCCACGATGAA	233	1	9	2535	1315	Fincher.3
GTTTCTGTGCAG	1218	4	26	1774	410	Fincher.3
GTTGCCACGGGA	782	3	29	2495	1041	Fincher.3
CCGTGGACTCGA	754	1	28	2377	877	Fincher.3
GACTGCCGGCAC	671	0	20	3847	840	Fincher.3
CGACACTGTCAC	558	1	40	2115	900	Fincher.3
AGACAGTTAGCC	851	5	62	3623	1324	Fincher.3
CCGGAGTTTAGA	1214	6	54	2521	738	Fincher.3
TAGATCTACGAA	336	0	16	1615	869	Fincher.3
CACTGAAATATC	997	1	92	3307	1180	Fincher.3
ACAGATACGGTA	473	1	23	2525	1157	Fincher.3
ACCACAGATTGC	595	1	28	3313	1254	Fincher.3
CAGAGGTTAGTC	487	2	28	2210	1105	Fincher.3
TACGAAGCGCTC	497	0	4	2458	1101	Fincher.3
ATGTCACTTTCA	371	1	10	2139	986	Fincher.3
GCAAGTTGGTAA	779	0	17	1981	823	Fincher.3
CCCGAGTCGGGT	1187	4	31	1682	248	Fincher.3
TACTGGCCCTTT	608	1	22	2553	1034	Fincher.3
GTCCTTCGTCTT	400	0	19	2642	891	Fincher.3
CATAGTTGCCAG	649	1	31	2334	1024	Fincher.3
ATGCGACAGGTA	231	0	8	2575	966	Fincher.3
GTTGCAGTATCG	304	1	10	3541	1482	Fincher.3
GGCCTTTTAAAA	1024	1	41	2718	1001	Fincher.3
CTTACAATATAC	1070	12	36	1714	463	Fincher.3
CGTGGTCTGCCC	481	0	25	1972	871	Fincher.3
GAAAGGGGCGTT	644	1	23	2707	1040	Fincher.3
CTGGAACGGCTC	852	0	41	3223	1251	Fincher.3
TCACGGAGAAGG	243	0	4	2353	978	Fincher.3
TGTACATCTGTT	934	5	96	2446	758	Fincher.3
TTTTTGTTTAAG	424	1	14	2976	1272	Fincher.3
CGGAATGGGCCG	585	3	41	3582	1242	Fincher.3
CGGCATACCCGT	1005	0	31	2774	982	Fincher.3
GTGATAGAGTGT	590	4	4	2829	946	Fincher.3
TCGGACGTGAAT	1304	1	59	1772	307	Fincher.3
ATCCCATTTATA	418	0	19	1565	755	Fincher.3
CGTGGTCTGCCA	448	0	31	1855	840	Fincher.3
GGTCAGATAATT	639	1	31	2194	946	Fincher.3
GTCAACTACGAG	848	1	53	2488	934	Fincher.3
TATCATATACTA	1060	2	42	3100	1108	Fincher.3
ATTTGCTTTGAA	293	0	8	2291	1224	Fincher.3
CCAGCATGTTAG	325	1	16	2525	1217	Fincher.3
CATGCCTCGCAG	287	2	8	2506	1030	Fincher.3
AGGTAGCTTCGC	954	3	29	2345	798	Fincher.3
CTGTAACCCCGC	915	0	29	2847	1025	Fincher.3
CATCTCTTGGCG	301	0	6	3216	1637	Fincher.3
GTTCATGGCCTA	763	2	34	2742	1001	Fincher.3
GATCTCAGTATC	1101	2	107	2387	658	Fincher.3
ATATACGTAGCT	790	0	45	1679	614	Fincher.3
GGATTAGGCACC	287	0	5	2426	1164	Fincher.3
CGAATGTCGTGC	720	0	10	1324	469	Fincher.3
TGTTCTAGAGGC	222	0	11	2276	1199	Fincher.3
GTTTAGGCATCG	529	0	23	2079	923	Fincher.3
TACTTTGTGTCA	810	1	45	1828	629	Fincher.3
ACCACGTCACCG	667	0	14	2003	842	Fincher.3
TCCGCCCAATCC	612	1	7	2015	729	Fincher.3
AAGTAAAGGTTG	260	0	4	2708	1134	Fincher.3
CCCAAGGCCTAT	1481	3	53	2161	480	Fincher.3
TAGCATAACCAA	219	1	9	1898	1108	Fincher.3
GGACTATGTGTA	451	0	8	2271	956	Fincher.3
TATTGCCAATTG	539	0	17	1963	804	Fincher.3
GATACTGTGGGA	626	0	20	1796	703	Fincher.3
CTCAGCTCTACA	1191	2	37	2353	838	Fincher.3
GATTTCCACTGT	963	0	41	2479	928	Fincher.3
TATTGCCAATTC	538	0	16	1944	804	Fincher.3
ACCTTGCAGCTC	212	0	8	1929	979	Fincher.3
AGGGACTCTTTG	241	1	8	2329	1040	Fincher.3
GTGGTTTTTTAA	537	1	46	2206	927	Fincher.3
TATCGCGTGGGG	644	0	27	2841	1057	Fincher.3
GATCGGTTCAGG	902	3	47	2455	846	Fincher.3
AAAGTATACTGA	361	2	7	2561	1158	Fincher.3
GTGATCACGAGA	832	2	27	2489	915	Fincher.3
GCATGTGTTTTA	789	1	22	1854	689	Fincher.3
CGCCTCTGTGCA	440	1	3	2193	1113	Fincher.3
CTGTGCTAAGTT	581	1	19	1709	750	Fincher.3
TAGTCATCTTGG	806	1	15	1910	704	Fincher.3
ATTACCCGGTAA	285	0	9	2474	1343	Fincher.3
AGTTTAGGACGC	803	2	42	2556	927	Fincher.3
CTTTCCTTTCGG	490	1	29	2156	954	Fincher.3
GTGTAACTTCAC	739	3	19	1939	786	Fincher.3
TGAAGGAGTCAC	131	0	20	1485	895	Fincher.3
AAGCATTGGGCA	143	0	3	1924	1089	Fincher.3
TCAGCGATCTTC	306	1	16	2858	1481	Fincher.3
CGGCCGCAACAT	378	0	9	1617	828	Fincher.3
TCACAGCTCTCA	752	0	18	1483	497	Fincher.3
AAAGAAGGGAGG	842	0	39	2922	1060	Fincher.3
GATCAGATCAAC	839	2	41	2276	841	Fincher.3
CAGTAATACCCA	488	1	7	2656	1252	Fincher.3
GTACTGCTCAAG	666	0	47	2082	816	Fincher.3
GTGCTCATCCAC	554	1	12	1937	796	Fincher.3
ATCGGGCTTACG	272	0	8	2826	1122	Fincher.3
GAACTCCGCCTT	820	4	43	2761	975	Fincher.3
CCGCAAGGTAAA	338	1	6	2361	1219	Fincher.3
AGTATCATCTCA	860	1	32	2962	1061	Fincher.3
CGCATTCTATGG	539	1	41	2561	1008	Fincher.3
AAGCTGGCAAGG	440	0	2	2344	532	Fincher.3
CACGTGTCATAC	806	0	29	2196	823	Fincher.3
GGATGCTATTAA	824	3	36	1985	716	Fincher.3
GTCATAAGTTTG	534	2	28	1567	684	Fincher.3
CGTCGGTCTGCC	474	2	16	1714	786	Fincher.3
TATTGAGATAGG	275	0	10	2420	1238	Fincher.3
GCTGTGCGCTAC	1011	2	21	1803	411	Fincher.3
AACTTCCTTCCG	516	0	21	2330	1033	Fincher.3
TTAAGGTGTCTC	509	1	28	2679	944	Fincher.3
GTTCCGACTTGA	510	0	32	1733	782	Fincher.3
CCTCGGTGGGCC	422	1	10	1867	792	Fincher.3
GTCCTACTAATG	1304	2	91	1629	211	Fincher.3
ATCCTTCAAAGG	669	0	37	2382	924	Fincher.3
CGCCGGATAGGG	312	0	9	2116	948	Fincher.3
GATACGGCACAG	631	0	54	3064	1071	Fincher.3
CCCTGGCGTGTG	1348	0	51	1834	328	Fincher.3
CGAGAAGCTATC	305	1	7	2650	1306	Fincher.3
TATTGCCAATTA	524	0	14	1867	798	Fincher.3
TTGCGCACCTCG	457	0	25	1921	737	Fincher.3
GTCTTCGTAAAC	639	3	42	2235	980	Fincher.3
GACAATTTCTGG	351	0	5	2443	1284	Fincher.3
TCTGCTATGTCG	193	0	2	2635	1281	Fincher.3
GATAAGACTGCA	619	0	22	2344	819	Fincher.3
TTCTGGGCTGAA	567	0	7	1930	816	Fincher.3
GGTTACACTACC	717	2	48	2691	901	Fincher.3
ATGGAGCACAAG	511	0	44	2227	822	Fincher.3
TTAGTGTCCTAC	1208	3	23	1729	421	Fincher.3
ACCAAGGCCGTC	214	0	4	2085	1013	Fincher.3
CGGACCCCTGGT	972	1	45	3067	1034	Fincher.3
GATAAGACTGCG	613	1	24	2543	896	Fincher.3
GATTGTCTAGAG	378	2	10	2240	1011	Fincher.3
CCATCCTCAGTC	335	1	11	2242	1096	Fincher.3
CTCTCATAGATA	465	4	23	2195	973	Fincher.3
GTTCCGAGCCAC	1021	2	46	2479	818	Fincher.3
GGCAACCCTTAC	235	0	3	1814	1062	Fincher.3
AAGTGCTACAAG	351	0	9	2582	1242	Fincher.3
CGCTGTAGTCCA	210	0	6	2085	1178	Fincher.3
CAGAATCCGAAA	382	0	12	1882	1010	Fincher.3
AGCGCCGAGCGG	889	2	39	3083	1130	Fincher.3
TCGCTCCCAAGA	300	0	12	1565	863	Fincher.3
TCCGCCACAGAC	792	1	30	2137	827	Fincher.3
TCCCCTCGCGGC	341	0	2	2001	856	Fincher.3
GGATCGCCCTCC	428	0	14	2459	1003	Fincher.3
GTGGTTTTTTAC	511	2	39	2056	873	Fincher.3
AACCTCCAGGGT	197	0	7	1759	1018	Fincher.3
AAATTTTGATAA	656	2	36	2017	766	Fincher.3
TGCCCTCTTAGG	326	1	4	2109	1028	Fincher.3
CGTTAACGTCCG	319	0	10	1844	838	Fincher.3
CCGTGCGATCTA	274	0	12	1475	826	Fincher.3
TAGGAAAGGAAA	279	1	13	2136	916	Fincher.3
GCATAGTCAAGG	266	0	6	1929	1125	Fincher.3
TCTCTTCCGCCG	551	0	16	1725	694	Fincher.3
CGTATGTTCCGA	620	2	46	1852	776	Fincher.3
CCCTCTTAGGAC	1015	1	73	1418	295	Fincher.3
GCCTGTAGGGGA	1146	3	29	1490	226	Fincher.3
TACGCACTTCTA	527	1	33	1924	745	Fincher.3
GTCTGAAGGAGC	234	1	13	2180	1049	Fincher.3
GGCGCAGTTAAC	860	3	29	2306	845	Fincher.3
AAACATATGCGC	401	0	3	1794	811	Fincher.3
CGCCTGGCTTCC	831	1	27	1494	449	Fincher.3
CACCAATTGTAA	269	0	3	1735	986	Fincher.3
TCTATTGGATTG	904	0	38	2243	676	Fincher.3
GTAAAGATGTGG	773	0	41	1846	643	Fincher.3
TTGTACGATTAT	276	0	12	1431	663	Fincher.3
TCACCCGTCCCT	200	0	7	2487	1254	Fincher.3
GAGTTCATGTGC	667	2	21	2532	1141	Fincher.3
GTTCCTTCGATG	396	1	12	2411	1111	Fincher.3
AGCCTCCGTTGC	719	3	36	2081	763	Fincher.3
TACCCGTAGAAT	345	0	0	1432	781	Fincher.3
AAAATCTCACGG	370	1	10	2095	1063	Fincher.3
CAACTGATTTGG	304	0	8	2100	1002	Fincher.3
ACGAGGCCGTTA	708	1	12	1933	769	Fincher.3
ACGGTGATTTGT	776	2	24	2770	1193	Fincher.3
CTTTTATACTCC	1544	3	41	2032	304	Fincher.3
CTCACCCATAAT	455	1	19	1783	657	Fincher.3
TCTTTGGTGAGC	474	1	11	2581	1041	Fincher.3
GATAAGACTGCC	582	1	21	2222	820	Fincher.3
ATCGATCCGCAG	393	0	11	1317	611	Fincher.3
CCTAACGTCTGA	352	0	10	2361	1078	Fincher.3
TACCGAGCACTT	436	2	19	1878	876	Fincher.3
TCCATAGGAGCG	700	0	28	2066	806	Fincher.3
CAATCCGCTATC	361	0	7	1804	1005	Fincher.3
CCGAGTTGGCAA	639	1	18	1756	733	Fincher.3
TGCCGTATATAA	810	0	27	2225	938	Fincher.3
CAAGTCCGGTAT	353	1	11	2005	972	Fincher.3
GATTAAACCACA	372	0	7	2497	1246	Fincher.3
CTCAAGGGAGTG	750	2	22	2479	957	Fincher.3
ATCGAGGTTAGG	243	0	10	2238	1167	Fincher.3
CCCCCAGGGCGT	744	0	17	2149	846	Fincher.3
CCCCTCCTCTTC	568	2	23	2432	1024	Fincher.3
GAGACTGGTATG	250	0	6	2430	1250	Fincher.3
GTGGCATGGTGT	504	0	21	1717	807	Fincher.3
ACGCTGAGAGTT	735	1	15	1276	417	Fincher.3
AAGAAACAGTGC	522	1	41	2106	728	Fincher.3
GTTATTTTAGAA	737	0	13	2120	831	Fincher.3
TAGCTGATTGGG	663	0	11	2045	939	Fincher.3
AGGTATAGACGC	559	0	8	1742	675	Fincher.3
GCCAGAACAAAG	281	2	8	1980	1035	Fincher.3
GCGGGCACCTTC	507	0	9	2838	1396	Fincher.3
TTGATTATCGTC	281	0	14	1317	756	Fincher.3
TGATTACAGACC	350	1	9	1934	979	Fincher.3
TATTGCCAATTT	478	2	13	1725	744	Fincher.3
CGGAGTACTTCC	795	1	34	1172	301	Fincher.3
ATGTGTGGCTGA	776	2	21	1528	549	Fincher.3
TCAGTTGGACTC	399	2	11	1756	655	Fincher.3
TAGATCCTATTG	654	0	20	1710	653	Fincher.3
CTTAGTTCCTCC	676	1	25	1858	766	Fincher.3
GCCTTTCTGTAG	471	1	7	1604	703	Fincher.3
TAAGATCTACCC	995	4	78	2099	515	Fincher.3
GTGATCTGCTCT	261	0	7	2142	1061	Fincher.3
ACGACAAAAATA	686	5	39	2381	946	Fincher.3
ACCTGTGAGTCT	247	0	8	2374	1233	Fincher.3
GCACTCGTAATG	274	1	4	2076	1109	Fincher.3
AGTAAGGTCGAA	841	2	34	2334	861	Fincher.3
TTTTATATTGCG	608	0	13	1260	310	Fincher.3
TTGTGGTTCATG	1121	2	43	1654	381	Fincher.3
ATAGGGGATCAA	498	2	29	2617	1056	Fincher.3
CCAACCGCTTTC	123	1	3	1465	850	Fincher.3
TTAAGCATCAGG	892	2	74	2203	588	Fincher.3
TTTAGATATATG	655	1	11	1690	681	Fincher.3
TGTCTAGCCCCT	290	0	6	1668	825	Fincher.3
CTCCAACCAATA	382	3	14	2451	1095	Fincher.3
GGTACTTTAGTT	504	1	17	2007	869	Fincher.3
AGGCGATAGAAA	204	0	10	2749	1369	Fincher.3
AACACGGGTATC	451	2	24	1579	739	Fincher.3
TCCCCAAGAGCG	182	0	2	1700	935	Fincher.3
CAGTACTTTACG	929	0	35	2047	664	Fincher.3
TGGATAACCCGG	448	2	32	1556	759	Fincher.3
AACTGGGGTAAG	704	1	18	1745	712	Fincher.3
TAGACATGACCG	602	0	14	1654	707	Fincher.3
TGACAAGCCCGC	800	0	29	2490	969	Fincher.3
CGAAGGTCAGTA	479	0	10	1640	820	Fincher.3
GTTGTTCTCAAT	810	1	47	2447	890	Fincher.3
CTTGCGAAGTGG	352	0	18	1819	778	Fincher.3
TGTGCAGGATGG	637	0	27	1687	666	Fincher.3
GTGCACTCGCTG	510	4	11	2688	1141	Fincher.3
AAAATGAATTGT	438	3	7	2018	1045	Fincher.3
CTGGTATCTTGA	338	0	6	2128	1126	Fincher.3
CTATGCTGGCCA	314	0	3	2037	921	Fincher.3
ACACTGACCTCC	889	1	23	1974	539	Fincher.3
TAGAGACGCGCG	1033	2	19	2572	303	Fincher.3
GATAAGACTGCT	581	2	22	2021	709	Fincher.3
GACCGGGAGGCG	586	1	27	1955	875	Fincher.3
TGTATTACGTGC	768	6	40	1856	699	Fincher.3
GTGGTTTTTTAT	438	0	24	1894	868	Fincher.3
GGTGGGCAGCGC	865	0	23	3223	1299	Fincher.3
AGGTTTCAATAC	470	1	17	2151	982	Fincher.3
TCGTGCCCCACT	416	0	2	2101	695	Fincher.3
GTGACGCTTAGA	429	0	27	1185	526	Fincher.3
TTGGAAGGAACG	596	2	11	1347	557	Fincher.3
GCGTTAGGAACG	739	1	21	2018	729	Fincher.3
GTCATAAGTTTC	482	0	16	1201	496	Fincher.3
AAAATCTGCTAA	810	1	23	1551	403	Fincher.3
GCTGCTCCTCGG	248	0	2	2102	788	Fincher.3
TATGCGCAAAGG	375	3	23	1869	844	Fincher.3
ATACGGATATAT	627	7	46	1599	651	Fincher.3
ACGACTATAGTG	1186	2	82	1718	381	Fincher.3
CGTATGTCATAG	403	0	16	1745	886	Fincher.3
TTCTAGTTTATA	903	1	41	2171	784	Fincher.3
AATTCAGAATAA	662	2	12	1993	805	Fincher.3
GGGACGTGTCTA	818	0	27	2449	902	Fincher.3
GAGAGTTGGTTC	134	0	4	1535	883	Fincher.3
TGGTGCCGGAAT	868	1	11	1423	305	Fincher.3
CCACTGTGTTAC	290	1	7	2113	1233	Fincher.3
GAGCCCTCGAAT	614	1	14	1816	639	Fincher.3
CAGCTCCCCCAA	545	1	7	2261	934	Fincher.3
TGCGCCAGCGGG	435	1	22	1706	774	Fincher.3
ACACGGCATGCA	264	1	6	2306	1249	Fincher.3
CACCAATTGTAC	241	0	11	1492	874	Fincher.3
CGAGCGCACGGC	705	2	35	1895	785	Fincher.3
ACCGCCGGGTCT	904	2	23	1302	251	Fincher.3
TGACAATAGCAC	679	0	43	1712	679	Fincher.3
GCCATATGTCGT	273	0	6	1555	867	Fincher.3
AGTACGATCAAG	581	0	46	1132	296	Fincher.3
GTTCCGCGAGAA	195	0	9	1310	741	Fincher.3
CGCTGGACCGAC	635	1	15	1303	487	Fincher.3
CGCGAGATCTCA	559	1	16	2146	920	Fincher.3
TAGTATGCGGGC	189	0	1	1936	1000	Fincher.3
AGGCTTGAAGTC	343	0	5	2182	1057	Fincher.3
AACACGGGTATA	454	0	20	1528	734	Fincher.3
ATCCCGATTGTA	437	1	8	2552	1368	Fincher.3
ACAGTTTCTTAC	597	1	4	1381	548	Fincher.3
ACCCTGCGACTG	639	0	19	1690	619	Fincher.3
TGACTAACCCTT	315	1	9	2268	842	Fincher.3
CGGTTTTCTGCT	518	3	11	2153	670	Fincher.3
GATTTTGAAGAT	300	0	6	1569	690	Fincher.3
ATTGGACAATGT	446	0	32	1656	738	Fincher.3
TACGCTAGTGTG	165	0	0	1791	913	Fincher.3
TAATGCCGTCGC	535	1	16	1643	722	Fincher.3
TGACGTATCGTT	456	0	6	1968	941	Fincher.3
CCTGAGCACAGA	175	0	7	2126	1131	Fincher.3
ATTCTGACGTGT	629	3	11	1759	747	Fincher.3
TGGCGCGTCGGT	367	0	7	2202	1126	Fincher.3
GTACCGGAGTGC	493	0	16	1481	571	Fincher.3
CGGTTACCCGAA	289	0	3	2084	1044	Fincher.3
ATGCTAAGCGTA	380	1	8	1878	903	Fincher.3
GTCCGGTTAATT	729	0	44	2139	868	Fincher.3
AAACGTCTTACC	312	1	8	1621	778	Fincher.3
TTCCATTGACAC	511	1	20	1395	566	Fincher.3
TAACCTCACTGG	495	0	23	1654	703	Fincher.3
AGTGTCCTCAGA	362	0	18	1424	770	Fincher.3
GGACGTTGCAGG	668	0	19	1424	517	Fincher.3
TAGGGGCCGCGA	295	0	8	2381	1232	Fincher.3
CTTTATGGTGGA	813	0	15	2118	344	Fincher.3
CTAATCTAGACC	337	1	10	2180	864	Fincher.3
ATGAATAATTAA	520	0	14	1805	738	Fincher.3
TGTGTCATGGCT	343	2	14	2357	1021	Fincher.3
CAACAAAAGCTT	853	1	26	1234	318	Fincher.3
GCCGCGCTTGGG	514	1	28	3070	1190	Fincher.3
CGTGGTCTGCCT	351	0	14	1439	730	Fincher.3
GAGGTAGCCAGG	259	2	8	1467	853	Fincher.3
AAGTAACACTCA	795	3	34	1800	660	Fincher.3
CCGGACCGATCA	531	1	23	2189	893	Fincher.3
GACTTCGGATCG	525	1	58	1966	836	Fincher.3
GGAACGTAGTTG	286	0	8	1932	880	Fincher.3
GACACACCCCCC	770	0	59	2530	901	Fincher.3
ACGTGACTCGAA	289	1	6	2230	1010	Fincher.3
TTAGCCCCGTAC	244	0	13	1660	887	Fincher.3
ACTCTGCCCAGG	334	2	7	1985	899	Fincher.3
TACGTGAGTAAC	488	0	15	1225	528	Fincher.3
TTTCCGAGTGGG	744	4	12	1863	640	Fincher.3
CACCAATTGTAT	217	0	10	1444	855	Fincher.3
TGTGCGAGCGGT	391	2	18	1801	826	Fincher.3
TACTGGCACGGC	770	3	17	2064	604	Fincher.3
TCACTACTTCTC	478	0	45	1399	587	Fincher.3
AACCAGTAGAAA	371	0	11	1304	600	Fincher.3
AGCATGACGGGG	340	0	24	1275	641	Fincher.3
CCTGCGCTTACG	249	0	5	1481	745	Fincher.3
GAACCTTGGCCT	576	1	20	2068	823	Fincher.3
CGTCTGACGTTG	290	0	5	1648	949	Fincher.3
GGATATTGGTCC	570	0	22	1737	693	Fincher.3
CCTCTTTCGGTT	466	0	17	1938	959	Fincher.3
CGATAGGAAGAA	418	0	33	1196	563	Fincher.3
TGCGAGACGGTC	676	0	5	1705	622	Fincher.3
TTGTTGCCTGCA	307	1	5	1927	748	Fincher.3
AGGTCGGCGTCA	446	2	11	1832	884	Fincher.3
GTTCCGACTTGC	419	0	30	1461	685	Fincher.3
ACCCTAGGTAAC	685	1	8	1833	718	Fincher.3
GATCTAATAGCC	401	1	12	2204	1132	Fincher.3
CTGCTTTCGTAG	149	0	5	2289	915	Fincher.3
TGCACTCCGTAG	830	1	20	1476	361	Fincher.3
TGGGCGTCGACT	751	1	24	2075	777	Fincher.3
CCAGGGCGTGAA	695	1	17	1837	703	Fincher.3
ACAACCGTTGAG	421	1	34	1823	876	Fincher.3
CGGTAATGATGA	634	3	21	1486	563	Fincher.3
ACCTCCTCCGAG	256	0	12	1934	1043	Fincher.3
ACTAGGCTTATT	474	0	5	1269	538	Fincher.3
GTCATAAGTTTA	448	1	35	1178	529	Fincher.3
ACCGCTTCGGCG	218	1	9	1468	746	Fincher.3
ATGACTACAGAA	374	0	21	1745	784	Fincher.3
GATACTGATAAG	167	1	4	2176	967	Fincher.3
TATGTCTCTGAC	257	1	5	1600	801	Fincher.3
TGGATAACCCGA	429	4	24	1204	567	Fincher.3
ACCATGCTTAGG	376	0	9	1790	844	Fincher.3
ATACTTATGTTC	682	1	21	1447	509	Fincher.3
GTTAGCATCGAC	866	4	20	1201	233	Fincher.3
CGCCATATTTAG	67	0	1	2031	1095	Fincher.3
CCTAATTTCGGG	215	0	6	1484	719	Fincher.3
AAATGTAAGAGA	290	0	51	1369	683	Fincher.3
GAGAGTTTCCGA	334	0	10	1614	763	Fincher.3
GCAATTCCATGC	762	1	12	1182	341	Fincher.3
AGTATCACGGGA	1069	1	73	1473	235	Fincher.3
GGATTATTTCAG	368	3	20	1224	571	Fincher.3
GTGGTAGGAGTC	144	1	3	1646	1003	Fincher.3
ACTGTCACGTTA	209	0	5	1624	921	Fincher.3
GTAATTGGCAGA	719	1	22	1716	619	Fincher.3
GATTTCGCGCAC	632	3	9	1995	933	Fincher.3
CAATCCGCCAGC	363	0	13	1626	792	Fincher.3
AGACCGAGAGAA	653	0	16	1505	552	Fincher.3
TCATGCTCGGAC	792	0	16	1573	506	Fincher.3
GTGGGTGGGCAG	2	0	5	1365	1359	Fincher.3
GGATATTGGTCG	487	0	19	1569	679	Fincher.3
TAGTTCTAGCCA	551	1	29	1766	712	Fincher.3
TGGCTGTCCACG	583	1	11	1263	484	Fincher.3
TTAATGGTCACT	232	1	5	1992	1094	Fincher.3
GTTTATACACTA	379	1	17	1148	570	Fincher.3
TATCGTCGCCTG	340	0	4	1166	572	Fincher.3
GTGGTCCGTGTA	509	0	29	1452	637	Fincher.3
TCCCTCTTATGC	455	0	6	1696	820	Fincher.3
AGTGATGATAGC	171	1	3	1111	635	Fincher.3
AGCGCCGGACGC	748	4	26	2253	853	Fincher.3
TTCAAGGAGTCT	317	0	9	1409	787	Fincher.3
ACGACGATAAGT	180	0	5	1806	1066	Fincher.3
TCATCAAGGATG	200	0	12	1482	882	Fincher.3
CTTTCCTTTCGA	369	0	16	1471	703	Fincher.3
TACCGGTATGTC	427	0	17	1369	611	Fincher.3
ACCAGTCGTATC	701	1	27	1527	567	Fincher.3
CCCGTACCTTCG	693	1	19	1550	537	Fincher.3
TAAGTACCGTTA	152	0	4	1427	856	Fincher.3
TCCGAGGCTGTT	83	0	1	1615	959	Fincher.3
ACGGTAAGAAGT	444	4	32	1558	688	Fincher.3
TTAACCAGCGAG	120	0	0	1295	672	Fincher.3
AAATTGGCTGTG	360	2	5	1598	754	Fincher.3
AAATGTAAGAAG	277	1	45	1315	711	Fincher.3
TACAGCGGTAAA	700	2	21	994	204	Fincher.3
CCGCACCGTTGA	659	1	25	1795	681	Fincher.3
AAGGGTCGATAT	738	0	23	1579	513	Fincher.3
GGAATAAGTACT	267	1	10	1506	890	Fincher.3
AATCACCCGCCG	266	0	7	1436	791	Fincher.3
CGGGAACTCCTT	254	0	4	1375	753	Fincher.3
CGATAGGAAGAC	408	1	28	1129	502	Fincher.3
GTAATGGGGTGC	396	0	12	1269	600	Fincher.3
CTGTGCCGTGGA	254	1	5	1758	969	Fincher.3
AACACGGGTATT	385	1	25	1274	594	Fincher.3
TTGCGCACCTCC	348	0	20	1424	559	Fincher.3
ATAGAGAATAAC	149	1	4	1106	656	Fincher.3
AAAGCTTGTATA	493	1	28	1843	839	Fincher.3
CACAACAGGGAA	274	0	11	1141	632	Fincher.3
CCCAATAGGGGA	133	0	4	1256	657	Fincher.3
AAGAGTGCACAA	380	1	10	1239	632	Fincher.3
TTGCGCACCTCA	345	0	17	1387	561	Fincher.3
ATTTCGAAAGAT	396	1	13	1081	484	Fincher.3
GCTCATTGGGAC	138	0	9	1574	732	Fincher.3
CGCATTCTATGA	406	0	27	1729	734	Fincher.3
AGCCTCTAGGGC	193	0	2	2162	718	Fincher.3
CAGACGTAACAT	605	2	35	1386	559	Fincher.3
TGAGACAGAGTT	229	1	9	1768	839	Fincher.3
TGAGCCTGGTCA	284	1	14	1462	813	Fincher.3
CCGGCAAAGACC	284	2	7	1397	650	Fincher.3
CGTGATTCAAGG	274	0	10	1667	783	Fincher.3
GTGACGCTTAGC	387	0	23	1016	463	Fincher.3
GTCATAAGTTTT	406	0	27	1064	465	Fincher.3
CAGAGAGCGCTC	275	0	7	951	467	Fincher.3
ACAATCTTTTTT	536	1	13	1610	665	Fincher.3
TGCCTTTAGATA	496	0	10	1486	661	Fincher.3
AGAACCTTTGGT	506	1	12	1453	652	Fincher.3
GTTATGCCTCCG	320	0	13	1157	608	Fincher.3
CATATCAGTGGA	229	0	4	1112	667	Fincher.3
AGTCGGGGGGCC	636	1	19	2196	928	Fincher.3
TTACGTACCGAC	532	0	12	1350	563	Fincher.3
GGATATTGGTCA	440	2	19	1474	663	Fincher.3
GATTTGAGTATC	1140	4	36	1428	214	Fincher.3
TAACGCCGATGC	575	1	22	1671	652	Fincher.3
TAAGCTTCTGGG	276	0	13	1341	640	Fincher.3
GCACTCACCCAG	225	1	2	1546	824	Fincher.3
GGCTGGGTAAAC	457	2	15	1900	765	Fincher.3
AGGTCCCCGAGC	323	1	1	1033	505	Fincher.3
CACACGATGTTG	403	0	18	1234	498	Fincher.3
TAGCTCGGTTCC	204	0	5	1768	914	Fincher.3
CACTTGAACCCG	213	0	4	1398	786	Fincher.3
CGTCGGCTTTCC	584	1	17	1876	839	Fincher.3
GTTCCCGACTTG	468	2	19	1216	517	Fincher.3
CAAGCTCTTGTG	193	0	5	1510	928	Fincher.3
AGCCTTGCGTAG	138	0	1	1742	877	Fincher.3
CATAGCATTTAT	392	0	8	1006	427	Fincher.3
ATGTGGCTCGTC	609	0	11	1286	492	Fincher.3
GGTGGTCTCTTT	833	0	18	2158	781	Fincher.3
ATTTGTATCTTG	324	0	7	1224	622	Fincher.3
GGAGGTTTTCTC	356	1	14	1805	979	Fincher.3
TCACACCCCATC	567	0	20	1420	567	Fincher.3
CTACTTGTAACG	855	4	26	1200	212	Fincher.3
GAAATGTGAGCC	466	1	20	1368	628	Fincher.3
TGGATAACCCGC	371	2	16	1116	550	Fincher.3
CGTCCGATGAGC	965	1	11	1217	201	Fincher.3
CTAGCCACTGTA	462	0	7	1495	742	Fincher.3
AGAATAGTACCT	233	1	11	1339	750	Fincher.3
TTAACTCGTCTG	190	3	5	1641	744	Fincher.3
AGCTACAACGTG	305	1	7	1026	517	Fincher.3
TGCCATCGAACT	265	0	14	1373	793	Fincher.3
TGATTGTATGTG	250	0	9	1603	712	Fincher.3
GCGGGGACGTAA	835	0	39	2162	833	Fincher.3
GATCTTGGACTG	276	0	11	1224	687	Fincher.3
GTTCCGACTTGT	337	0	20	1133	544	Fincher.3
TAAAAATCAGTA	600	0	14	1248	483	Fincher.3
CTAGCAGGGGCA	513	1	10	1532	640	Fincher.3
CTGTCTTTTCAC	337	1	4	1600	521	Fincher.3
GCAGTCGGTGGT	340	0	10	1177	537	Fincher.3
CTGTATAGAAGG	353	0	28	1148	541	Fincher.3
ATCTGTATTTGT	114	1	0	1363	829	Fincher.3
CCCACCATCCAG	518	0	12	1657	760	Fincher.3
CCAGTGGGCGCC	1192	1	48	1531	236	Fincher.3
GTGTTTATTAAC	293	3	8	1780	774	Fincher.3
ATAGAGAATAAT	131	0	3	1004	618	Fincher.3
ATTGAGCCCATC	447	0	24	1391	587	Fincher.3
ATCCCCGTTCCA	331	1	4	1322	637	Fincher.3
GGTTGTGTTGAT	293	0	5	1278	623	Fincher.3
CATGGACTATAC	615	5	19	1339	477	Fincher.3
TAGGTCGGTTAC	554	1	11	1309	482	Fincher.3
ATATGTCGTTGG	443	1	8	1295	550	Fincher.3
GGTGAGGTCTTA	558	1	23	1152	441	Fincher.3
AAGATGCTCTCG	603	0	23	1642	651	Fincher.3
AATCTCCCCTTA	509	0	24	1710	690	Fincher.3
GTTTGACCTGTC	382	1	8	3349	776	Fincher.3
TAATCGGTAGAT	401	0	51	1364	620	Fincher.3
TAAACCGAAATG	423	0	9	1604	618	Fincher.3
TGAGGGAGTACG	520	1	15	1730	773	Fincher.3
CGGTAGTGAAAG	195	1	16	1095	578	Fincher.3
GCGGCATCGCAG	1220	5	83	5564	1639	Fincher.3
GGACGTGCGAGC	391	0	9	1191	522	Fincher.3
TTGAATTGACGG	378	0	7	1130	472	Fincher.3
CACTTGTTTCGG	187	3	1	1103	527	Fincher.3
CCGTTACCAATA	427	0	7	1245	328	Fincher.3
TATGCGCACAAG	346	1	21	1439	630	Fincher.3
GGTGGGAGGCTG	366	0	16	1921	857	Fincher.3
GAAGATAGGATG	297	0	18	1790	752	Fincher.3
GAGAGCTAAGGC	183	0	16	1068	590	Fincher.3
TGGCTGAAACTG	438	3	4	1197	367	Fincher.3
CGCAGGACGAAC	392	0	8	824	336	Fincher.3
TCCTCACCTGCA	112	2	3	1060	628	Fincher.3
AAGTTTGAGCGA	454	0	6	835	313	Fincher.3
GAGATGTTAACA	197	1	9	1240	732	Fincher.3
AGGATCCCGCCG	310	0	6	1235	670	Fincher.3
CTGTTCTTTCGC	564	1	8	1238	467	Fincher.3
GCGGACACATCA	511	1	10	1256	536	Fincher.3
ACACGATAGTTA	512	2	21	1102	444	Fincher.3
AAAAGGGGAGGT	138	0	4	1305	742	Fincher.3
GTCGCAAGAGGA	436	2	11	1544	665	Fincher.3
TATTGCCGCTGA	171	0	1	1154	739	Fincher.3
TGCCGGAGGTGT	199	1	1	1393	804	Fincher.3
CCCTTCCACAAT	148	2	2	1860	971	Fincher.3
AAGTCAGAGCAC	699	1	45	1149	269	Fincher.3
ATAGAGAATAAA	144	0	3	957	597	Fincher.3
ATCTGCGCCGAC	327	4	10	1071	571	Fincher.3
TAGGGTCCTTAA	304	0	5	1790	702	Fincher.3
CCTATCTGTAAG	379	1	9	1384	695	Fincher.3
TATTGGTTTATT	198	1	1	1145	612	Fincher.3
CGCGCGTGACCG	1166	1	17	1471	238	Fincher.3
GGGATGGAAGCA	548	1	19	1376	572	Fincher.3
TAACCTCACTGA	399	1	20	1213	554	Fincher.3
GCAATCGTTCTT	486	0	3	1059	440	Fincher.3
CGACTCTCTTCC	236	4	4	1322	723	Fincher.3
CCGGGTAGGTCT	120	0	0	1181	717	Fincher.3
GGAACTCAAGCG	391	0	20	1124	572	Fincher.3
GGTGCCGCGGTT	244	0	6	1355	684	Fincher.3
CCCCGGCAAAGT	245	0	5	1086	500	Fincher.3
CATGAGGCTAAT	246	3	3	1047	575	Fincher.3
GTAGCGACCTAA	273	1	6	1061	488	Fincher.3
GTTCGGAGGGGC	143	0	7	1551	812	Fincher.3
CCACCTATCTAA	213	2	4	1606	900	Fincher.3
CTTTCCTTTCGC	329	1	15	1348	652	Fincher.3
CCTTGGGCTAAA	346	0	6	1428	680	Fincher.3
TGTTCGGTTTAC	242	0	11	1647	960	Fincher.3
CCATTTGCGTGA	106	0	5	1682	970	Fincher.3
CCGCTAAGGTCG	384	1	11	922	418	Fincher.3
TAGCAGCTGATA	116	0	1	1425	833	Fincher.3
CCTGAAATCAGG	346	2	26	1238	526	Fincher.3
GCAAAATTAGTT	436	2	8	1017	446	Fincher.3
CATATTTGCCTG	215	0	3	938	497	Fincher.3
ACTTCCCTCACG	239	0	2	859	395	Fincher.3
TGTTTAATGAAA	351	0	11	977	460	Fincher.3
AATGATCTTCAT	166	0	9	974	596	Fincher.3
GCATAGTCAAGA	206	0	5	1198	742	Fincher.3
GTGGTAGTTTAA	431	0	6	1301	585	Fincher.3
CACCTAGGGACC	382	1	12	1326	671	Fincher.3
ACAACCGTTGAA	343	1	21	1322	659	Fincher.3
AAATGTAAGACG	242	0	34	1064	573	Fincher.3
AACCTAATTCCG	190	0	18	1211	749	Fincher.3
CTGTATGTAACT	668	1	18	926	213	Fincher.3
TATGACGCTAGG	256	0	6	1593	873	Fincher.3
ACTTCACCACCC	512	0	14	1107	430	Fincher.3
ACTTGTAGTAGA	136	1	8	1060	665	Fincher.3
ACTAGAGCCAGC	630	0	17	1378	441	Fincher.3
TGAATGGTGCTT	148	0	4	1511	847	Fincher.3
AACGGCCAGGCA	402	2	23	1429	569	Fincher.3
AGCATGACGGGA	272	0	16	922	490	Fincher.3
CTAAACGTACTA	531	2	16	1499	687	Fincher.3
CTCCTTCCGGGT	374	0	4	1054	400	Fincher.3
ACCATGAAGAAG	349	1	20	906	410	Fincher.3
TCGTGAGTAACG	352	1	17	961	424	Fincher.3
CATTTGCGTCCG	200	0	4	920	540	Fincher.3
CATCGGTCCAAT	188	0	2	1530	706	Fincher.3
AGTACGATCAAA	461	1	42	873	248	Fincher.3
GGGACGCCCAGA	416	0	7	1237	512	Fincher.3
CGATAGGAAGAT	315	0	21	898	411	Fincher.3
TACGCGAAGTTA	297	0	6	1650	721	Fincher.3
GACGACGGTGCC	217	2	13	1386	674	Fincher.3
AGTACGATCAAT	437	0	30	820	231	Fincher.3
ATGACCGCCTTG	253	2	4	1425	648	Fincher.3
GGACGTATTAAG	285	0	6	1592	769	Fincher.3
ACCCTGTCTCAC	468	1	16	1519	607	Fincher.3
CTCCCGGGTGCC	245	0	4	1662	936	Fincher.3
CTCAGGATCGTG	300	1	15	910	482	Fincher.3
GGATTATTTCAA	275	0	10	999	522	Fincher.3
ACGGTTCATAGT	241	2	2	940	498	Fincher.3
ACATCCCGTAGG	414	2	10	925	357	Fincher.3
AAGGCAGTACCA	264	0	4	951	514	Fincher.3
TTCGGGATCTGT	315	1	10	1316	696	Fincher.3
GCTCAACCCGTC	214	0	3	1222	672	Fincher.3
TTCCGACGCTGG	209	1	6	1600	695	Fincher.3
TAAAATTTGGTG	172	0	9	1325	782	Fincher.3
CAACCCAAGGAT	279	2	26	1198	501	Fincher.3
TTTATAACGATA	265	0	5	1284	699	Fincher.3
CCGAGTTACATT	293	1	16	963	469	Fincher.3
GAGATTGCGACT	168	0	4	1028	571	Fincher.3
AGGCAAACGTAA	284	1	7	1182	648	Fincher.3
CACTAACCGACG	131	0	6	1212	767	Fincher.3
GTGTCGTGTAAC	400	0	9	1265	585	Fincher.3
GCCAAGGTCTAG	284	0	5	1086	599	Fincher.3
GTCGCATCCCTG	387	0	18	1389	657	Fincher.3
TTGCGCACCTCT	279	1	24	1092	494	Fincher.3
AAATGTAAGAGC	245	1	32	1045	551	Fincher.3
AGTACGATCAAC	445	1	41	833	237	Fincher.3
AACGCTACTGGG	177	0	2	1054	488	Fincher.3
ACTCTTCGCCTG	357	1	28	1103	518	Fincher.3
GACTTCGGATCA	441	1	35	1431	604	Fincher.3
CTATCCCTTAGG	273	0	2	1082	573	Fincher.3
CTTACTTTACTA	420	0	8	1088	489	Fincher.3
ACGGCAGCATAG	175	0	0	937	594	Fincher.3
TTCTCGTACTAG	327	0	18	1212	524	Fincher.3
TCATTGGGAGCG	763	1	22	1120	250	Fincher.3
TGCGCCAGCGGA	290	0	9	1050	535	Fincher.3
ATTATCGCTCAC	163	0	2	1250	524	Fincher.3
TCTTTTTTCTAC	272	1	3	1121	620	Fincher.3
AGCTGCTCAACG	439	0	5	1138	533	Fincher.3
ACGAAAGCACTT	286	0	30	959	456	Fincher.3
AATTAGGTATAT	29	0	1	743	489	Fincher.3
AAATCGCACACT	179	1	4	1215	730	Fincher.3
GACCGGGAGGCA	390	0	16	1211	574	Fincher.3
TGGAGAGTGGAA	462	1	16	1207	522	Fincher.3
TTTCCCCTGGTT	1	0	6	790	783	Fincher.3
AGAGTCTGCAAA	510	0	10	1174	502	Fincher.3
CTGCTAATTCAT	581	1	23	1253	502	Fincher.3
CCAGTCCGGCTG	206	1	9	1125	512	Fincher.3
ATGTATCCCGAG	249	0	9	1126	634	Fincher.3
TAGGGCGCGGAT	121	0	1	1069	706	Fincher.3
TCACTGTCGACG	259	0	25	744	374	Fincher.3
CCCCGCCATAAG	444	1	8	1426	643	Fincher.3
TCGTTTGACCAG	140	0	0	1063	660	Fincher.3
ACCGTCCCCACA	502	1	7	937	328	Fincher.3
TTCAGCCCGACG	318	5	7	1133	576	Fincher.3
CCAACGCTCAAC	469	0	12	817	235	Fincher.3
TGGAACGGCTCG	407	1	20	1556	758	Fincher.3
GCGATGCGCTGC	415	0	22	1119	476	Fincher.3
GCCGAGAACACG	249	1	17	939	462	Fincher.3
TTTATCATATAG	388	1	23	1551	633	Fincher.3
GCGATGAAATTC	274	0	6	1434	768	Fincher.3
TAAAATGTCGCA	396	1	5	950	439	Fincher.3
CCTGATACCCCG	314	1	10	940	455	Fincher.3
TGGATAACCCGT	289	0	15	886	460	Fincher.3
GGAACTCAAGCA	362	2	4	990	485	Fincher.3
AGTCTTCGTCCG	315	1	9	1080	567	Fincher.3
GTTGTTGCGAAA	281	0	6	1100	599	Fincher.3
TTTGTGGGGCAG	334	0	15	1575	746	Fincher.3
TTGTTTCGATTG	171	1	7	1061	637	Fincher.3
CTTGACCATCGT	80	0	2	1223	779	Fincher.3
GCAACTTGAAGG	124	0	1	1264	808	Fincher.3
ATTGGGAGGTAT	201	0	2	898	476	Fincher.3
GGATTATTTCAC	283	1	17	917	466	Fincher.3
TCTGATGCTGCA	179	0	4	861	475	Fincher.3
ATGACCTTCTCG	130	0	2	1101	604	Fincher.3
CTTTCCTTTCGT	301	0	16	1064	527	Fincher.3
GTATACCCGATG	130	0	7	868	568	Fincher.3
TTAGATTGAGGG	22	0	0	973	620	Fincher.3
CCGGTTCGTAAA	647	1	7	1109	388	Fincher.3
TTGCGCACCCTC	310	1	18	1055	443	Fincher.3
GATACGGGAAAA	90	0	2	1199	594	Fincher.3
CACTCACAAGGT	186	1	2	1340	740	Fincher.3
CACTGGCCCGTG	256	2	2	1699	793	Fincher.3
TGTACGCCTTAG	195	0	4	817	465	Fincher.3
TCACTGTCGCAC	317	0	24	742	339	Fincher.3
TTAACTAGTGTC	295	0	7	1112	547	Fincher.3
CGGTCTTTGTTA	229	1	5	988	557	Fincher.3
GCTACGGCATAA	469	0	3	798	232	Fincher.3
GCGATGAAGAGT	228	2	2	863	464	Fincher.3
GCGTTTAGTAAG	128	2	9	1180	617	Fincher.3
ACCATGAGTGGG	305	1	32	1227	600	Fincher.3
TCTGTTCAGGTG	305	0	3	1396	613	Fincher.3
GATCTTAGAAAC	230	1	41	926	259	Fincher.3
GTACGTGCATAA	134	0	4	1126	725	Fincher.3
GTCCTCACTCAC	402	0	19	1156	533	Fincher.3
TTGATAGGAGGG	330	0	13	1552	630	Fincher.3
ACTACATGACTC	250	1	2	1368	746	Fincher.3
CAACATAGCGGA	247	0	0	754	382	Fincher.3
AAGTACTGTACT	407	1	10	907	381	Fincher.3
TGCACGAGGAGT	299	0	3	1125	347	Fincher.3
CCCCAAAGCACC	216	1	3	995	530	Fincher.3
GCTATTCAGAGT	551	0	27	1196	458	Fincher.3
GAATTGTCGTGT	110	0	2	1290	727	Fincher.3
ACAAAGCTTCAT	89	1	0	753	391	Fincher.3
TGCGCCAGCGGC	273	0	12	1017	512	Fincher.3
TCGGTAGTAAAG	472	0	18	1198	513	Fincher.3
AAGGTGTGGGCT	285	0	16	814	374	Fincher.3
ATCCTGTCCGGA	172	0	2	1088	535	Fincher.3
GCTGTACTTTTA	814	2	21	1525	462	Fincher.3
GAGGGCAATGGT	126	0	3	1594	912	Fincher.3
GTTCTTCTTTAG	48	0	3	818	554	Fincher.3
TAAGGCTGGATG	293	0	4	899	395	Fincher.3
TGTGGGGTACAA	259	1	6	1554	802	Fincher.3
TGGATGTACCGT	181	0	8	934	613	Fincher.3
TTTACAACGACG	443	0	24	1348	527	Fincher.3
GATAAGACAACA	250	0	7	923	363	Fincher.3
ATTAACCGACAC	152	0	5	739	483	Fincher.3
CCTGAAATCAGA	293	0	26	1036	465	Fincher.3
GTATGGGAGTAC	160	0	2	1359	816	Fincher.3
GCCACGGACCTG	177	0	5	1086	637	Fincher.3
GGATTATTTCAT	252	0	19	922	457	Fincher.3
ATGTTGTCCCAT	174	0	5	1423	803	Fincher.3
TACTCAACGCCC	246	0	4	1119	562	Fincher.3
AGTTCCCATAGC	329	2	17	804	373	Fincher.3
TAAAATGGGTCT	118	0	2	929	623	Fincher.3
GTCGGCCCGCTA	442	1	9	1079	470	Fincher.3
TGCGCTCTGGTG	537	0	18	1239	469	Fincher.3
ACAACCGTTGAC	290	0	27	1204	627	Fincher.3
AGTGGGCTAAAG	474	0	14	1246	588	Fincher.3
GTTTGTTCCCGG	267	0	6	789	370	Fincher.3
AGCCTTATTACC	234	1	2	851	424	Fincher.3
TATAACATTAAT	299	1	7	703	295	Fincher.3
GGATATTGGTCT	352	0	10	1067	476	Fincher.3
GTGCATTAGACA	476	4	9	1078	371	Fincher.3
TCCCTCGTGAGG	302	1	9	786	379	Fincher.3
CGGAGGTACTCA	221	0	4	701	326	Fincher.3
GCGGCCGCTCCG	75	0	1	1300	734	Fincher.3
CAATGGAGGCCC	308	0	8	1200	541	Fincher.3
AGCTACAACGTC	218	1	5	730	389	Fincher.3
GCAATATAGCCG	168	2	3	1010	590	Fincher.3
GTTGTAAACACG	150	0	0	1016	614	Fincher.3
CAACTTGGGGGT	492	0	9	961	295	Fincher.3
GCTTCGCGTGGC	281	0	5	598	262	Fincher.3
TTAACTCGTCTC	123	0	2	1231	567	Fincher.3
AGATCCACGTAA	268	1	2	1161	637	Fincher.3
ACAATGTGTCCG	119	0	2	941	586	Fincher.3
CTCTATAACGAT	208	0	2	806	433	Fincher.3
TTGGTTGAGGCG	298	0	4	1325	621	Fincher.3
GATGATATTCTA	417	2	20	1496	649	Fincher.3
TATGCGCAAAGA	265	0	5	1062	528	Fincher.3
ACTCTTCGCCTC	313	0	21	972	465	Fincher.3
AGTCTTGCCCAT	302	0	1	1309	624	Fincher.3
CCTTAAGCACCT	147	1	4	897	530	Fincher.3
GGAACTCAAGCC	326	0	7	898	462	Fincher.3
GAGGAGCATGTG	354	0	2	1294	572	Fincher.3
CTTTGGCTAATT	255	0	4	1301	603	Fincher.3
GCATAGTCAAGC	146	0	3	894	602	Fincher.3
TAACCACGGGCT	129	0	3	968	570	Fincher.3
TGCGCCGACCAT	195	0	3	1132	595	Fincher.3
TCCGCGTTTAGG	337	1	13	1069	493	Fincher.3
ATTCCCGAGGAA	219	0	12	657	349	Fincher.3
GTGTTTCTTGGG	401	0	18	1203	550	Fincher.3
AAATGTAAGATG	211	0	24	897	496	Fincher.3
TAATCGTTGTGA	370	1	15	1115	538	Fincher.3
GCTACGTCGTGC	279	1	9	1000	401	Fincher.3
GTTATGCCTCCA	231	0	15	792	418	Fincher.3
ATCGAGCTCAGA	123	0	6	837	533	Fincher.3
CGAGAACAATAT	154	0	8	1188	734	Fincher.3
CTATCAATACGG	76	0	2	931	615	Fincher.3
CTCCGTTCCAGC	198	0	10	995	588	Fincher.3
GGGTTTGCAGAG	234	0	2	1086	620	Fincher.3
TTTCCTTGGATC	138	0	4	1015	642	Fincher.3
GACCGGGAGGCC	385	1	8	1070	527	Fincher.3
CCTAGGTGAAGC	147	1	6	907	517	Fincher.3
ACATACGTCAAA	70	0	1	799	548	Fincher.3
ACGGTGGTTTCG	183	1	6	992	443	Fincher.3
GCTATGTTATGC	286	0	5	1031	534	Fincher.3
TGGCCCATAGGC	372	0	9	1020	439	Fincher.3
CACCTACGGCGC	126	0	4	877	579	Fincher.3
AAAAGGGCCCAG	197	1	7	1115	664	Fincher.3
TGCGGGCGTCTG	115	0	1	1116	551	Fincher.3
CGCATTCTATGC	281	0	28	1224	517	Fincher.3
GTGACGCTTAGT	280	0	14	723	343	Fincher.3
GATATTTTTTTA	187	1	1	807	450	Fincher.3
TCGTGAGTAACA	273	0	14	761	375	Fincher.3
AAGTTGCTCTAG	295	1	21	794	354	Fincher.3
ACGGGGGCCTTA	189	0	4	1282	744	Fincher.3
CAATGAACAAAT	369	0	9	1298	644	Fincher.3
GTCCCGACCTAG	123	0	6	1253	803	Fincher.3
ACGTGGAGGAGG	85	0	1	953	614	Fincher.3
TGTAGGATAATA	329	0	7	796	353	Fincher.3
GAGGTAGCCAGA	144	0	3	848	561	Fincher.3
GGTTGTAACATG	273	0	3	775	383	Fincher.3
CCTCCTATATCC	268	0	9	925	490	Fincher.3
CCCCTCAGTTAA	130	4	0	1072	574	Fincher.3
CGCACCAGATCA	143	1	0	918	508	Fincher.3
CTCAGGATCGTC	254	2	9	692	380	Fincher.3
ACTCTTCGCCTA	309	1	12	938	448	Fincher.3
CCAATGAATACA	211	1	1	696	389	Fincher.3
CTGAGTGCTGAG	485	0	18	847	268	Fincher.3
GTTATGCCTCCC	222	0	9	779	423	Fincher.3
GAAGATAGGATC	189	0	7	1158	550	Fincher.3
ACAGTGCTATAC	191	0	2	989	573	Fincher.3
TCGTTTAAGAAT	141	2	3	883	508	Fincher.3
AAATAGGGGGAC	131	0	1	888	449	Fincher.3
CATCGGGATAAG	257	0	5	850	467	Fincher.3
ATCCTCTCGCTA	150	0	3	680	352	Fincher.3
CGGTCACTAATG	123	0	8	860	485	Fincher.3
GTCACCATATGC	196	2	6	658	392	Fincher.3
TGAATACTAGTG	305	0	3	816	369	Fincher.3
TTATTTAGTTTA	355	4	24	1192	575	Fincher.3
CGTGCAGTCATT	319	0	11	1085	513	Fincher.3
TAACCTCACTGT	329	0	16	907	383	Fincher.3
CAGATTCCTCGG	153	0	2	590	326	Fincher.3
GCGAGACAGTTG	59	1	3	808	553	Fincher.3
CGAAGTAAACCA	201	0	2	1082	565	Fincher.3
GACTTCGGATCC	355	1	25	1131	519	Fincher.3
TTGTTTCGATTC	140	0	4	792	488	Fincher.3
TCGTTTACGAGC	416	0	6	888	356	Fincher.3
CCCTTGTGGAAC	172	0	7	1010	569	Fincher.3
GGTCAAAGAGCC	307	1	28	1067	462	Fincher.3
AAATGTAAGAGT	209	0	30	851	452	Fincher.3
ACTGGAATCTAC	184	3	3	693	350	Fincher.3
TAGTACGCGGCC	214	0	3	901	520	Fincher.3
GCCTGTTTTGTG	174	0	4	700	394	Fincher.3
GAAGATAGGATA	192	1	8	1118	547	Fincher.3
CGTGGGCCGTTA	191	0	3	1074	581	Fincher.3
AGAGTGAATATA	282	0	5	646	278	Fincher.3
GCCCCTTCTCGA	277	0	5	1171	669	Fincher.3
TTCACTCTGTGG	283	0	7	1060	496	Fincher.3
TGGGCGTAGAAT	341	2	7	1164	595	Fincher.3
AGCTACAACGTA	217	1	4	646	345	Fincher.3
GGGCGACCGCCC	148	0	1	1450	778	Fincher.3
GTTTCGTGTACT	186	0	6	823	450	Fincher.3
TTAAGCATGTTT	232	0	5	920	435	Fincher.3
TGAGAAACCCTC	313	1	5	689	315	Fincher.3
CTTGTCATTATC	178	0	2	639	361	Fincher.3
CGTAAGCAATTG	305	2	8	795	355	Fincher.3
GTCAACTCGTCG	359	0	27	1049	480	Fincher.3
GGTAGCGCGTGA	210	1	4	690	352	Fincher.3
ACCGTTTCCCAT	170	0	1	548	293	Fincher.3
ACCGGCCTAGAG	228	0	2	804	454	Fincher.3
CATCCACAGGCG	123	1	9	970	603	Fincher.3
ACCCAGGGCATT	183	0	3	780	450	Fincher.3
TAACCTCACTGC	348	0	15	895	409	Fincher.3
GACCCCTACACG	149	0	10	1128	662	Fincher.3
GCTTGGCCGAGG	374	1	14	1462	622	Fincher.3
GAGGTAGCCAGC	141	0	7	740	466	Fincher.3
CTCTGCCCGGAG	176	0	2	890	511	Fincher.3
GCCAAGTGGTTG	440	1	8	1162	483	Fincher.3
CCCTAAAGATAG	128	0	8	1516	936	Fincher.3
GGTACGAGCCCG	242	1	3	775	400	Fincher.3
CCGAGGAAGAAC	36	0	1	972	590	Fincher.3
TCGCAACAAGAG	299	0	8	874	442	Fincher.3
GCGAGCGCCGAG	217	1	16	1244	635	Fincher.3
GCCGAGAACACC	185	1	6	696	361	Fincher.3
CTCAGGATCGTA	246	0	9	679	369	Fincher.3
CATTTACGCAAC	134	2	8	685	422	Fincher.3
GTTCTCATCGGA	227	0	18	1061	477	Fincher.3
GATAAACGGGCG	136	1	2	915	557	Fincher.3
ACCATGAGTGGA	228	1	48	893	452	Fincher.3
ACTCTTCGCCTT	291	0	14	844	414	Fincher.3
CACCAGCGGCGC	343	0	12	1069	424	Fincher.3
TCCACCTTTTAT	309	0	6	1053	547	Fincher.3
TAGTTGCACTTG	65	0	1	646	431	Fincher.3
ATGTAGGCAGAT	291	0	4	700	312	Fincher.3
AGCCATATCTAC	209	0	0	693	361	Fincher.3
AAATCAGCCGGC	190	0	3	815	426	Fincher.3
AACATGTCTTCT	230	0	1	689	350	Fincher.3
TCCATGCGCATG	245	0	2	632	281	Fincher.3
AAGCTCCCGTAG	415	0	11	1062	433	Fincher.3
CGCATTCTATGT	265	0	17	1010	447	Fincher.3
AGGTCCGGTGGG	148	0	3	1342	729	Fincher.3
GGGCCGGGACAT	593	2	7	982	252	Fincher.3
CTATGAGTCTTT	269	1	15	682	303	Fincher.3
AATAGAGAATAA	109	0	5	603	393	Fincher.3
CGTTTGTTCACG	196	0	2	705	388	Fincher.3
ATTAAGCAGACT	205	0	3	848	481	Fincher.3
GCCGAGAACACA	196	0	5	631	329	Fincher.3
TTTGTGGGGAGG	219	0	11	1186	596	Fincher.3
GTCCCGACCTAA	110	0	2	1104	695	Fincher.3
TGCTCAGATTTG	265	0	9	964	462	Fincher.3
TCTTTGGCGATG	96	0	1	828	546	Fincher.3
TGTAAGGTACAT	306	1	8	989	479	Fincher.3
GGAACTCAAGCT	260	0	18	715	380	Fincher.3
CAATGGTACTAA	119	2	2	1033	580	Fincher.3
AACCGTGCTCAA	276	0	3	815	414	Fincher.3
TTGCTGTTGTCG	73	0	1	1154	706	Fincher.3
TTAACTCGTCTA	123	0	3	1063	540	Fincher.3
CTGTATAGAAGA	241	0	19	715	342	Fincher.3
TCGCTGACGGCA	319	3	3	923	368	Fincher.3
GCTGGATACCAG	248	0	9	1186	468	Fincher.3
CCCTAGTGTGGC	284	1	6	857	435	Fincher.3
GCGGAAGCGAGG	175	0	1	662	372	Fincher.3
TCTGGGTCGTCA	224	0	4	655	322	Fincher.3
AAATGTAAGACA	201	0	22	710	383	Fincher.3
GAACGCATGACG	326	1	3	1033	526	Fincher.3
AGGAGAACGTGC	219	0	6	572	293	Fincher.3
TGGAACGGCTCA	306	0	10	1053	516	Fincher.3
AGAAAACGTGGG	370	0	10	802	325	Fincher.3
GTTATGCCTCCT	213	0	8	672	364	Fincher.3
TTGAAATGGCCC	362	2	10	827	376	Fincher.3
CGAAACTACCTT	63	0	2	878	549	Fincher.3
ACTCAGCAGTGG	234	0	8	907	518	Fincher.3
CGGCCTTTCAAT	248	0	2	842	397	Fincher.3
CGATTCGTCCTC	159	0	0	872	382	Fincher.3
TAGTTGGAAATG	234	1	12	831	461	Fincher.3
GACATTGAAACC	313	1	6	864	420	Fincher.3
AAACGCCGTAGC	114	1	2	1007	596	Fincher.3
AAATGTAAGAAC	202	0	24	727	403	Fincher.3
CCGATCCGTGTA	262	0	2	666	298	Fincher.3
AAAAGGGCCCAA	182	1	6	972	556	Fincher.3
TGAGCCCGCGCT	27	0	0	1332	639	Fincher.3
ACATCATTGCAA	185	0	12	695	373	Fincher.3
TTCAGCCCGACA	239	0	1	723	358	Fincher.3
ATCTTTTCCGGC	281	0	10	953	472	Fincher.3
ACGGCAGCATAA	129	0	2	607	401	Fincher.3
AGCCAGTAACGT	276	2	1	739	315	Fincher.3
TATGCGCAAAGC	210	2	7	872	435	Fincher.3
GCTTTGCGCCCG	161	1	4	1116	572	Fincher.3
CTTTGGCTTAGC	121	0	3	1018	587	Fincher.3
CGCTTGCGTGGG	229	0	1	632	309	Fincher.3
TCGTGAGTAACC	236	0	11	641	308	Fincher.3
GTCATAAGGTTT	271	0	10	598	271	Fincher.3
TTCGTTCAAACC	152	0	2	898	572	Fincher.3
GTACCGGCCTAT	229	0	2	1028	436	Fincher.3
TGGCATAGCTCA	321	1	6	622	248	Fincher.3
GTTCTTCGTAGC	270	0	2	961	531	Fincher.3
CCTCATTCGCTC	309	0	9	880	402	Fincher.3
TGTTATTCTGAG	76	0	3	926	555	Fincher.3
GAACAGACGTCG	203	0	3	775	438	Fincher.3
GGAGGCGTCGGA	186	0	8	1463	735	Fincher.3
CAGGGTGGGGCC	528	1	12	1324	535	Fincher.3
GACTTCGGATCT	302	1	37	923	449	Fincher.3
TTGTTTCGATTA	133	1	1	724	443	Fincher.3
GATCGGGCCATT	564	0	15	1075	341	Fincher.3
TGGAACGGCTCC	282	1	11	1016	507	Fincher.3
AAAATAGTAATA	169	1	4	627	354	Fincher.3
AAATGTAAGAAA	196	0	27	675	368	Fincher.3
TAGGGTGGAAGC	191	0	6	622	322	Fincher.3
ATGATGCCCCAC	176	0	5	840	494	Fincher.3
CCTGAAATCAGC	225	0	13	820	397	Fincher.3
TTCAGCCCGACC	247	2	6	814	422	Fincher.3
TCACTGTCGACC	226	1	13	558	274	Fincher.3
CGCTGGCGCAAA	161	0	2	800	466	Fincher.3
ATATGTAGTGTG	205	1	2	615	350	Fincher.3
TGTTATTCGCAA	249	2	9	587	243	Fincher.3
TTAACTCGTCTT	108	0	4	894	448	Fincher.3
CGTAATTCATTC	56	1	5	522	356	Fincher.3
GTCCCGACCTAT	110	0	2	1025	642	Fincher.3
GTCGGGTATCAG	189	0	6	714	392	Fincher.3
TCATAAGTCAGG	226	0	8	745	410	Fincher.3
ACCCCTGAAAAG	265	0	9	948	537	Fincher.3
TACTACCGCACG	188	0	1	636	352	Fincher.3
GTCCCGACCTAC	104	0	2	1011	639	Fincher.3
GCCGGAGCAGCG	324	0	2	1159	593	Fincher.3
AAAAGGGCCCAC	176	1	4	874	518	Fincher.3
GTTGTAAACACA	114	0	1	737	464	Fincher.3
TCCCCATCACTC	336	0	3	1032	497	Fincher.3
AACGGGGCGCAG	56	0	3	720	485	Fincher.3
GGTATTAGTGAT	296	0	5	857	437	Fincher.3
TTGATAGGAGGA	231	0	8	1058	462	Fincher.3
TTGGCCGTTTGG	160	0	2	811	451	Fincher.3
ATTGTGCGGTCA	259	0	7	941	469	Fincher.3
CCTTGGGCCGTT	256	0	1	680	340	Fincher.3
TTTTTCCGCCAG	287	2	18	665	265	Fincher.3
ATCTTAGGTGCT	576	4	27	1018	281	Fincher.3
CCGTACGGTGAC	92	0	2	487	327	Fincher.3
TGTGGGCGGGAG	201	0	3	727	436	Fincher.3
CCGGAGGCGTGT	327	1	13	836	377	Fincher.3
GCGGTTGATTAT	171	0	2	1098	572	Fincher.3
GGGGCCACTGTA	219	0	4	981	414	Fincher.3
ATGGCCATCGGT	79	0	2	982	500	Fincher.3
TAACCCATCTAT	260	1	22	548	209	Fincher.3
ATCCCGGAGGGC	200	0	2	441	208	Fincher.3
CGGCCACCAACG	181	1	5	599	343	Fincher.3
ACCATGAAGAAA	219	1	10	512	249	Fincher.3
TGAACACTTGCG	222	0	6	791	361	Fincher.3
TTTGGTTATTGC	249	0	2	720	339	Fincher.3
GAAGATAGGATT	162	0	8	951	465	Fincher.3
ATACAGTACTCA	181	0	9	844	524	Fincher.3
GTTTGTTCCCGA	212	0	7	574	282	Fincher.3
TATGCGCAAAGT	187	0	5	739	388	Fincher.3
AGACGGGACGTT	140	0	7	697	384	Fincher.3
TCGTTTACCGTG	95	0	8	688	448	Fincher.3
TTTCTGCCGTAG	234	0	7	623	337	Fincher.3
AGCATGACGGGC	173	0	8	620	336	Fincher.3
AGGAGACGGCCG	295	0	4	607	211	Fincher.3
TACGGCTCAATC	238	3	24	844	377	Fincher.3
AAGCTTAGCAAT	318	2	3	715	298	Fincher.3
AACACGTCCATG	156	1	1	720	375	Fincher.3
TCGTGAGTAACT	231	0	5	575	274	Fincher.3
TTATTCAGATAC	133	0	9	931	549	Fincher.3
ACCATGAAGAAC	215	0	8	511	250	Fincher.3
TAAGTGAGATGG	111	3	3	782	449	Fincher.3
CTCAGGATCGTT	222	0	11	517	260	Fincher.3
CACGGTAGTCCG	376	0	12	817	220	Fincher.3
TTGTTTCGATTT	100	0	2	689	435	Fincher.3
TTCACTCTGTGA	215	0	4	828	407	Fincher.3
GACCCCTACACA	103	0	4	876	527	Fincher.3
TCACTGTCGACA	192	0	12	502	265	Fincher.3
GTACCCGAGTTG	152	0	3	738	395	Fincher.3
GTCTGGATACAC	261	0	11	793	409	Fincher.3
GAATGTACGGTC	197	4	1	605	244	Fincher.3
TGCGAAACGTAG	191	0	2	540	273	Fincher.3
TATTCATAACAT	222	0	1	1003	520	Fincher.3
CTGGTACCCCGG	123	0	0	923	502	Fincher.3
CGGTAGTGAAAC	88	1	6	563	342	Fincher.3
ACGGCAGCATAC	119	0	5	594	393	Fincher.3
CGCGAGCTTATG	115	0	4	648	427	Fincher.3
TGTACCTATCTC	136	0	5	553	291	Fincher.3
GCTACATCCGGA	76	0	5	596	384	Fincher.3
CCGCCGGCAGAT	415	0	2	688	215	Fincher.3
AGAAGAGCCCGA	102	0	1	670	412	Fincher.3
ACAACCGTTGAT	241	1	12	813	416	Fincher.3
GCATAGTCAAGT	110	0	3	674	458	Fincher.3
CATGGTAACGTT	329	0	3	883	407	Fincher.3
TTCTAGTATGCC	225	0	3	743	401	Fincher.3
CAATTCTTATTA	44	0	3	734	540	Fincher.3
AAAAGGCCAGAG	155	0	1	391	210	Fincher.3
ATGGCCCTACAC	107	0	1	737	433	Fincher.3
CTTATCGGGGTC	64	0	0	571	336	Fincher.3
CCTGAAATCAGT	213	1	12	701	340	Fincher.3
TCATGTATCAGC	117	0	5	570	325	Fincher.3
AGGGGTTAACAG	250	0	13	764	397	Fincher.3
ATCCCCAGCAGG	128	0	1	707	375	Fincher.3
CCCTGGTAGGAT	161	1	13	790	433	Fincher.3
GGCCCGTAACTA	157	0	4	609	371	Fincher.3
ACATTTAGGCAC	73	0	1	499	332	Fincher.3
GCTACCCATAGG	118	1	45	679	305	Fincher.3
CGGTACCGACGT	77	0	2	498	342	Fincher.3
GATAGCTAGATG	166	0	8	603	374	Fincher.3
CCCATTTGCTCG	55	0	0	648	449	Fincher.3
CGCCTAATAGGG	67	0	0	712	448	Fincher.3
TTAGGTCCATCG	197	0	6	778	459	Fincher.3
ACACAGCTCTCG	115	0	4	402	216	Fincher.3
GCTACCCATAGA	128	5	42	622	270	Fincher.3
ACGGTGGTTTCA	136	1	8	660	340	Fincher.3
TCTGACACAGAC	495	0	11	767	217	Fincher.3
CTGTATAGAAGC	204	0	21	633	326	Fincher.3
TACTGCATTCCG	62	0	3	921	610	Fincher.3
TTCACTCTGTGC	229	1	6	809	391	Fincher.3
GTTGTAAACACC	85	0	1	669	430	Fincher.3
TCACCTCTGCTG	71	0	3	685	474	Fincher.3
TGAAACAGGGGC	225	0	2	695	314	Fincher.3
GGCAAAAGGGGG	250	0	3	828	407	Fincher.3
AGAGGCCGCCGC	185	1	15	611	298	Fincher.3
AGAGATACTTCA	78	0	3	856	561	Fincher.3
AAATGTAAGACC	172	0	30	592	329	Fincher.3
AAATGTAAGAAT	179	0	29	650	348	Fincher.3
AAATGTAAGATC	178	0	23	621	331	Fincher.3
GTTCTGTACGGT	186	0	7	815	364	Fincher.3
GCCGAGAACACT	155	0	2	503	285	Fincher.3
CGAAAACTACGT	203	0	3	531	280	Fincher.3
CTCGTGCTCAAC	154	0	2	678	389	Fincher.3
ACGGTGGTTTCC	130	2	2	619	293	Fincher.3
TAGTTGCACTTC	63	0	1	484	332	Fincher.3
CCCACGTTAAAG	185	0	3	815	479	Fincher.3
CCTGAGCAAGCT	349	3	3	732	300	Fincher.3
GACCGGGAGGCT	253	0	8	716	358	Fincher.3
AGAGACAGAGCC	146	0	5	765	455	Fincher.3
GGAGGTAAGCAT	471	0	9	912	298	Fincher.3
TTACCATTTAGT	113	0	2	691	429	Fincher.3
CCCGGAGGCCCC	127	0	4	920	556	Fincher.3
GGGGTCCGACTA	196	0	2	1099	652	Fincher.3
TCAGTGAGGCAG	193	0	1	582	315	Fincher.3
CGGCCACCAACA	153	0	19	494	266	Fincher.3
AGCGGGGCTCGA	183	0	7	819	399	Fincher.3
GTCGGGTATCAA	168	0	7	583	309	Fincher.3
AAATGTAAGATA	177	0	19	582	319	Fincher.3
GTGTTGATAATC	18	0	1	632	460	Fincher.3
GTGCACGCCACT	85	0	8	583	392	Fincher.3
TGCGATGGCCAG	165	0	4	556	317	Fincher.3
TCGAGCCGTTGC	187	0	3	558	267	Fincher.3
AAAACTTGACTC	155	0	0	479	259	Fincher.3
AAATGTAAGACT	165	0	20	570	314	Fincher.3
TATTAGTTGAGC	152	0	0	455	248	Fincher.3
TCCACGTCATGG	90	0	1	444	265	Fincher.3
CGGGGTTATCGG	418	1	9	1089	375	Fincher.3
CCTATTTCGGGC	145	0	6	812	420	Fincher.3
ACCATGAGTGGC	178	0	23	691	372	Fincher.3
CGGTAGTGAAAA	113	0	6	530	303	Fincher.3
ACTCAGCAGTGA	207	0	3	657	376	Fincher.3
CATGTGAGTCCC	19	0	0	499	381	Fincher.3
TGGGGGGGGGGG	19	0	8	1182	1143	Fincher.3
ATTGAATATAAA	154	0	7	444	236	Fincher.3
TCGCACAAGAGG	208	0	10	649	349	Fincher.3
TTGTCGATAATC	248	1	6	508	223	Fincher.3
ACGCGATCATGT	80	0	2	545	355	Fincher.3
CAACCAACGCCC	216	0	5	682	307	Fincher.3
CCATTCCTCTCC	165	0	3	522	268	Fincher.3
CTCGAGAACATA	76	0	6	466	310	Fincher.3
GTCCCACCCTCT	191	0	10	775	375	Fincher.3
GCTTTGCGCCCC	98	0	2	768	436	Fincher.3
TCTTTGGCGATA	66	0	1	589	408	Fincher.3
ATACTAATCGCC	153	1	2	662	416	Fincher.3
CGGTTGTCATAT	134	0	1	550	301	Fincher.3
GACCCCTACACC	116	0	2	809	488	Fincher.3
TTAAGCATCAGA	291	1	14	647	227	Fincher.3
ACCTGAAGAAGG	152	2	11	425	234	Fincher.3
GAGAATTGCCAT	279	1	14	869	400	Fincher.3
AAAAGGGCCCAT	147	0	3	748	452	Fincher.3
TGCGCCAGCGGT	179	0	6	553	288	Fincher.3
GTTTGTTCCCGC	183	0	1	470	222	Fincher.3
AGCTACAACGTT	138	2	5	451	253	Fincher.3
CATGGCTCGAGT	61	0	0	517	351	Fincher.3
CATATACGTTTA	115	0	9	450	241	Fincher.3
AGAAGAATCGGG	92	0	0	433	271	Fincher.3
GTCGTGGGCAAG	118	0	4	898	539	Fincher.3
GTTGTAAACACT	90	2	2	577	384	Fincher.3
GTCAACTCGTCC	247	1	12	694	341	Fincher.3
ATTCTATGCACG	103	0	2	693	454	Fincher.3
GATTATGTTAAT	196	0	5	670	374	Fincher.3
TAGTTTCCCGGT	225	0	14	555	287	Fincher.3
CCCTGCAGCGGG	356	0	8	733	290	Fincher.3
CCTGGCTTCATA	103	0	1	686	418	Fincher.3
GTCAACTCGTCA	261	0	13	688	333	Fincher.3
GGTCCCTCACGC	89	0	1	430	274	Fincher.3
CACCTAAATTCC	78	0	5	601	407	Fincher.3
CATCCACAGGCA	102	0	5	633	399	Fincher.3
TAGTTGCACTTA	68	0	4	442	298	Fincher.3
TCTAGACTCAAG	67	1	3	588	369	Fincher.3
ACGAGGAGGGTT	77	0	0	548	355	Fincher.3
ACCATGAAGAAT	167	0	10	410	211	Fincher.3
CCCACGGCCCTC	329	1	8	814	311	Fincher.3
ATTTTAGTAGAA	208	0	8	687	348	Fincher.3
TGCGCCCCGCGG	81	0	1	731	456	Fincher.3
ATCCAATATTTA	44	0	0	478	336	Fincher.3
ATGGTGGGGTGA	255	0	5	567	257	Fincher.3
TGTCAAGATAGG	64	0	1	536	321	Fincher.3
CCCCATTCCTCC	222	0	4	671	326	Fincher.3
TTCGACGCCCTG	108	0	2	663	422	Fincher.3
TCTTTGGCGATC	62	0	1	582	395	Fincher.3
ATGTCAGAGTCG	56	1	0	634	466	Fincher.3
TTTCTGCTACGC	100	0	1	540	340	Fincher.3
AGTTCCCATAGG	141	0	14	383	212	Fincher.3
GGCGTTACAAAT	130	0	2	782	438	Fincher.3
ATAATTGTGGAA	127	0	4	599	322	Fincher.3
TCACTGTCGACT	154	0	14	394	205	Fincher.3
GAGGTAGCCAGT	110	0	1	519	339	Fincher.3
GCGACCGCCGTT	146	0	18	688	357	Fincher.3
TTTAGTCGTACG	173	0	4	415	204	Fincher.3
CTACTGGTTCGG	76	0	0	432	298	Fincher.3
TGTTATTCTGAC	50	1	7	646	399	Fincher.3
GACTTCCGGATC	238	1	24	661	323	Fincher.3
AGAGGCGGCTGG	272	0	4	567	245	Fincher.3
TTTTCTGGGGTC	112	0	2	651	405	Fincher.3
TGTTATTCTGAA	41	0	1	625	424	Fincher.3
AGACGTATAGTG	267	0	8	763	380	Fincher.3
CTCTTCTTACTA	168	0	5	564	280	Fincher.3
AGACACCCAGTT	26	0	0	461	317	Fincher.3
CTAGTTCTATGG	252	0	13	681	315	Fincher.3
TTGGTCTCCATC	88	0	3	773	503	Fincher.3
AATTCAAGTTGG	225	0	7	621	248	Fincher.3
AGGTGAAGAGCC	183	0	1	608	355	Fincher.3
ACTTTCACAAGG	211	1	5	464	215	Fincher.3
AGCGTCAGGAGA	348	0	8	732	317	Fincher.3
GTCGGGTATCAC	143	0	7	508	282	Fincher.3
AGCATGACGGGT	126	0	7	410	228	Fincher.3
GTTGGCGGGGGC	216	0	15	559	265	Fincher.3
GGGCAGGCAGGT	281	0	9	669	236	Fincher.3
ATATGTAGTGTA	130	0	4	462	275	Fincher.3
TCTTTGGCGATT	67	0	4	519	360	Fincher.3
GTGGGTCTAATC	154	0	5	732	332	Fincher.3
TGATTCTATCGG	131	0	10	642	352	Fincher.3
CGGTAGTGAAAT	89	0	4	443	265	Fincher.3
ATATGTAGTGTC	121	0	2	414	263	Fincher.3
ACGGAGCGGTCT	113	0	0	473	300	Fincher.3
CTGTATAGAAGT	162	1	8	453	240	Fincher.3
ATTCTCTACTTG	119	1	5	348	202	Fincher.3
GTCGGGTATCAT	148	0	9	500	292	Fincher.3
TTGGTGCTTAGG	275	0	3	571	221	Fincher.3
CCGCTAAGGTGG	142	0	2	375	209	Fincher.3
GCTTTGCGCCCA	92	0	2	678	407	Fincher.3
GCGTCGCCAGCG	204	0	3	556	296	Fincher.3
TTTGTGGGGAGA	147	0	3	701	401	Fincher.3
ATAGGTGGGTGA	105	0	1	428	262	Fincher.3
CTCCGACGGCCT	115	0	2	553	346	Fincher.3
ACTCCCGGGATC	54	0	0	632	403	Fincher.3
ACGGACTGTGGT	119	0	1	415	237	Fincher.3
TGCGATGGCCAA	132	1	4	476	271	Fincher.3
CGATGGCTCGGG	276	1	12	878	435	Fincher.3
TTGATAGGAGGC	195	0	6	798	357	Fincher.3
CCTCAAGATCAG	75	0	2	311	200	Fincher.3
TGGAACGGCTCT	213	0	12	708	370	Fincher.3
TCACCGTGCCCC	32	0	2	507	377	Fincher.3
TGAAGGGTCTCC	119	0	7	761	472	Fincher.3
ACTATCAGATGG	218	0	6	560	282	Fincher.3
GAACAGACGTCC	142	0	3	494	272	Fincher.3
GTAAGTAATGCG	204	0	6	581	298	Fincher.3
TTCAGCCCGACT	179	0	2	521	273	Fincher.3
AAGCCGTCATAC	122	0	7	533	299	Fincher.3
AAATGTAAGATT	145	1	14	506	290	Fincher.3
TCTACCCCTTCA	20	0	0	479	391	Fincher.3
ACTGTCCCGGTC	176	0	8	624	275	Fincher.3
ACATCGACATAA	232	1	13	727	346	Fincher.3
TGCATACTACGG	204	2	10	545	268	Fincher.3
GAACAGACGTCA	126	0	3	473	268	Fincher.3
TCGCTCTCGAGC	144	0	8	551	278	Fincher.3
ACGAAGCGAGAT	101	0	2	612	375	Fincher.3
GACCCCTACACT	80	0	2	604	371	Fincher.3
GGAGTTTTCTCG	136	0	3	638	399	Fincher.3
TTCAGTAGGAAG	92	0	4	485	343	Fincher.3
TTGTTTCTTGAG	57	0	2	669	480	Fincher.3
CCTCATTCACAC	202	0	2	535	272	Fincher.3
GGCCCCGCAAGG	110	1	1	666	414	Fincher.3
GCCGCACAGCCG	644	0	26	2024	788	Fincher.3
GTGTATGGGCCT	117	0	2	517	334	Fincher.3
TTGTGCCCGTTG	221	0	5	632	306	Fincher.3
TAGTTGCACTTT	49	0	5	370	259	Fincher.3
CGTCATAGTTGC	133	0	11	478	274	Fincher.3
AGCCATGGAGAG	224	1	15	737	382	Fincher.3
CGAACCACATCT	149	2	11	457	237	Fincher.3
CTGCATACTACG	212	0	13	554	256	Fincher.3
TTTGTGGGGAGC	128	0	6	667	376	Fincher.3
CTACGGTGCGCC	85	0	2	375	225	Fincher.3
GACAGGTCAATG	50	1	2	516	401	Fincher.3
CTAGCAGACGAC	114	0	9	595	342	Fincher.3
AGGCGGTGGGGG	343	1	2	877	403	Fincher.3
CACACCAGCCTT	182	1	4	572	291	Fincher.3
CGCAGGATCGTG	155	0	15	466	233	Fincher.3
ACCATGAGTGGT	135	1	16	497	281	Fincher.3
TGGCAACCGCTA	209	0	1	655	301	Fincher.3
AGTATGTCGTTC	94	0	7	658	397	Fincher.3
GGCATCATCGTG	91	0	0	487	302	Fincher.3
CCAAAGAGCGCC	158	0	0	486	264	Fincher.3
TACTGAGGTGCT	34	0	1	353	268	Fincher.3
TCCCGACATTCG	91	0	2	555	361	Fincher.3
CAGGACTACAGA	74	0	2	526	361	Fincher.3
TCATAAGTCAGA	147	0	6	489	296	Fincher.3
CTAACAGGAGAC	10	0	0	376	301	Fincher.3
ACTATCAAAAAT	46	0	3	419	294	Fincher.3
CATCCACAGGCC	82	0	1	506	330	Fincher.3
GAGTCCCACCCG	64	0	5	494	323	Fincher.3
GAATTTCCTGGA	149	0	7	474	268	Fincher.3
TTAAGCATCAGC	254	1	14	554	203	Fincher.3
ACTCAGCAGTGC	144	0	9	553	337	Fincher.3
ATATTACTTATG	113	0	10	375	227	Fincher.3
CAATGGAGATTC	34	0	5	354	248	Fincher.3
TTAGGTCCATCA	134	0	4	548	346	Fincher.3
CAGTTCTAATGA	61	0	1	329	232	Fincher.3
TTAAATCACCGC	36	0	0	331	227	Fincher.3
GGAATCGGGCGC	101	0	2	437	289	Fincher.3
ACGGCAGCATAT	81	0	0	364	254	Fincher.3
CCGCCGTGCTCG	47	0	0	368	255	Fincher.3
TCGCACAAGAGA	177	0	2	479	260	Fincher.3
GCCGACTAGAGA	7	0	1	449	356	Fincher.3
TTGATAGGAGGT	153	0	6	639	296	Fincher.3
CATACAGTCACG	202	0	8	552	256	Fincher.3
GTCGTGACCATA	117	0	4	512	338	Fincher.3
TTTAATTCTCGG	112	0	1	395	242	Fincher.3
TGTTGGTAAATT	56	0	1	395	287	Fincher.3
AATCCGCCGCCG	160	1	3	489	260	Fincher.3
ATGCTAAGATGC	160	0	5	439	234	Fincher.3
TTGTCCGACCTG	106	0	2	446	240	Fincher.3
CCCGTCCGGATA	231	0	4	543	243	Fincher.3
TGACGCGTGTTT	144	0	5	391	211	Fincher.3
TCGAACAGTTTC	89	1	0	538	296	Fincher.3
AATCCGCCGCCA	136	0	4	436	241	Fincher.3
CGTGACTGATCT	95	1	5	477	249	Fincher.3
GATAGGCTGGAG	72	0	0	527	328	Fincher.3
GTCAACTCGTCT	195	0	9	496	248	Fincher.3
GCTTTGCGCCCT	60	0	7	570	332	Fincher.3
TGCGATGGCCAC	156	0	3	398	209	Fincher.3
ACGCGGGTCGGG	193	0	3	473	237	Fincher.3
TGTATGGCTGGG	122	0	0	615	336	Fincher.3
ACGGTGGTTTCT	89	0	3	453	234	Fincher.3
CCGGAAAAAGGT	129	0	3	398	219	Fincher.3
GTTTGTTTAGTT	119	0	5	598	371	Fincher.3
TCCCTGTTGCCG	61	1	6	519	332	Fincher.3
TAGAGTGAGCGC	206	0	10	533	272	Fincher.3
TCGCATCACTCT	131	0	1	371	204	Fincher.3
ATGGGGGCTTAG	35	0	0	398	294	Fincher.3
TTCGTGCTCAGG	158	1	3	464	253	Fincher.3
ATTGAGTACAGA	158	0	13	589	290	Fincher.3
ACCGGGGCGTTG	147	1	2	456	206	Fincher.3
GGTGTGCGGACC	20	0	0	315	247	Fincher.3
AAATCTTGATAG	105	0	8	429	249	Fincher.3
TGTTATTCTGAT	38	0	0	474	325	Fincher.3
TCACTCGGGGGC	112	0	0	457	281	Fincher.3
TTCACTCTGTGT	144	1	11	508	262	Fincher.3
TCTACCTCCAAG	57	0	0	437	287	Fincher.3
AAAGCAGCGCGA	167	1	2	456	235	Fincher.3
ATCCAGAAAGCG	128	0	7	418	208	Fincher.3
ACGCCGGGTCAC	90	0	0	512	353	Fincher.3
TTCTTTATTATC	110	0	3	536	252	Fincher.3
TTAGGTCCATCC	148	0	2	531	317	Fincher.3
GCCGGTCCCCGC	343	0	7	607	229	Fincher.3
CCGAGTCTATCG	139	1	10	385	202	Fincher.3
ATCCTTCAGATA	160	1	6	415	209	Fincher.3
TATGGTATGCGG	63	0	2	393	282	Fincher.3
TCCGTGTGTCGG	45	0	1	601	403	Fincher.3
GCGTCGCCAGCA	148	0	5	413	238	Fincher.3
GGAGTTTTCTCA	91	0	2	462	308	Fincher.3
CGTGTCAGGTGA	108	0	1	473	296	Fincher.3
GGAACTACTCAC	26	0	3	497	279	Fincher.3
GGCCGGCGTTGT	293	0	1	618	274	Fincher.3
AGTAGCCGCGAC	97	0	2	401	238	Fincher.3
CTCATCCAGCTG	94	0	0	419	218	Fincher.3
AATTTGAGCGAA	79	1	3	568	321	Fincher.3
GTGTAGTGCCGC	110	0	2	592	330	Fincher.3
GCCGTGTGGTTG	71	0	3	438	295	Fincher.3
TTCCTATAGTGT	76	0	2	521	361	Fincher.3
TTCAGTAGGAAA	91	0	0	370	248	Fincher.3
TCAAAGGTCGTG	97	0	3	416	254	Fincher.3
ATCGATATGTAA	66	0	4	388	229	Fincher.3
GTGAAGCCCAGG	172	0	9	444	225	Fincher.3
TTGTGCCCGTTC	169	0	3	529	291	Fincher.3
GGACCCCTGGTG	180	0	4	552	276	Fincher.3
CATTGTGGCTGG	168	0	1	472	264	Fincher.3
AATTGATATATA	257	2	6	523	206	Fincher.3
CGTTGATGGGCA	267	0	7	700	229	Fincher.3
TTGACTGACTGG	48	0	2	346	248	Fincher.3
ATCTCCCCTCAT	177	0	12	431	209	Fincher.3
CCGCCGTGCTCA	39	0	0	328	237	Fincher.3
GAAACAAGTACG	156	0	5	466	247	Fincher.3
TGATTCTATCGA	81	0	9	457	265	Fincher.3
GTAAGTAATGCA	169	0	3	453	218	Fincher.3
TCACGGCGGCCA	156	0	3	444	229	Fincher.3
GCAGAGTACAGG	181	0	4	486	252	Fincher.3
CTTACGCAGTAC	142	2	8	464	232	Fincher.3
AACGTGGCACTG	143	0	0	433	233	Fincher.3
TTGTTTCTTGAA	30	0	0	478	363	Fincher.3
CGGATTATGATA	74	0	3	491	269	Fincher.3
AATCCGCCGCCT	119	0	9	416	236	Fincher.3
CCAACAATACTC	19	0	0	461	326	Fincher.3
TAATGTCTTCAG	81	2	1	321	208	Fincher.3
GCGTCGCCAGCC	174	0	5	442	239	Fincher.3
TTGGAGTGGTAA	72	0	2	365	241	Fincher.3
ACTATCGCATTT	85	2	4	593	328	Fincher.3
TAAGGGGATGGC	87	0	7	394	208	Fincher.3
TGCAATGCTTGA	144	0	3	484	283	Fincher.3
TTCAGTAGGAAC	67	0	1	339	243	Fincher.3
AGGGGGTTCGTA	52	0	0	539	364	Fincher.3
GGCATCATCGTC	64	0	2	389	258	Fincher.3
GATTTCAGACTG	118	2	2	425	233	Fincher.3
GTCCTGTGTGAA	110	0	3	383	212	Fincher.3
ACGGTGGTTTAC	99	0	2	424	200	Fincher.3
TTGTGCCCGTTA	157	0	3	454	240	Fincher.3
TGCATACTACGA	154	0	6	400	201	Fincher.3
CTACCACCCATT	177	0	4	500	262	Fincher.3
CATCCACAGGCT	64	0	3	381	235	Fincher.3
GCGGCCGCGTTA	372	0	3	1556	466	Fincher.3
AAAGGGATATCC	15	0	0	374	287	Fincher.3
AGGGGGGGGGGG	13	0	2	512	491	Fincher.3
AGTATTAGAAGA	131	0	4	454	241	Fincher.3
ACAATAGAGAGT	190	0	5	465	212	Fincher.3
CTGGACGATAGG	108	0	1	351	201	Fincher.3
TCCCGACATTCA	64	0	2	395	274	Fincher.3
GGTACAGCATAA	96	1	2	376	235	Fincher.3
TTGTTTCTTGAC	29	0	1	465	357	Fincher.3
AGATATGGGCCC	141	0	6	415	209	Fincher.3
GGGACGGATCTC	258	0	2	518	204	Fincher.3
TCGATGGCAATC	68	0	5	339	205	Fincher.3
CTCCGGCTGAGG	109	1	2	432	253	Fincher.3
TCCCGACATTCC	67	0	4	408	280	Fincher.3
GCCTTTTGTTCG	455	3	17	1826	765	Fincher.3
TGTCTAACGCGC	159	0	3	462	249	Fincher.3
GCCTTTCCCGGA	174	0	3	1604	418	Fincher.3
TCGCACAAGAGC	127	0	6	374	208	Fincher.3
CCGGGAAGCCTA	209	0	2	462	211	Fincher.3
TTGCTGATAGGA	76	0	2	347	208	Fincher.3
TCATAAGTCAGC	121	0	4	372	230	Fincher.3
GACAGGTCAATA	42	0	1	347	269	Fincher.3
GCGGCGCCAAGG	19	0	1	344	284	Fincher.3
TAGAAGCCGTCA	89	0	7	374	209	Fincher.3
GACAGGTCAATC	30	0	1	358	282	Fincher.3
GCGCAGGTCTAT	612	2	23	1601	626	Fincher.3
TATGTCGCTACA	49	0	2	282	200	Fincher.3
TTGCAAAAACTG	79	1	1	436	264	Fincher.3
CCCCAGACTAAG	167	0	7	429	225	Fincher.3
GAACAGACGTCT	82	0	1	334	212	Fincher.3
ATGGGTACGACG	60	0	0	451	330	Fincher.3
CCGCCGTGCTCC	33	0	1	300	234	Fincher.3
AGACTGGGATCG	93	0	4	437	255	Fincher.3
TAATTGCAGTCA	109	0	10	444	203	Fincher.3
TGGGTTGTAAAC	63	0	0	355	231	Fincher.3
CGGATAACGAGG	59	0	0	385	254	Fincher.3
GAGAGTAGAAGG	44	1	1	371	217	Fincher.3
GGAGTCGCTACG	72	0	0	299	216	Fincher.3
GTCTCGTCCCGG	399	1	22	1693	765	Fincher.3
GACTCGGGGTTG	55	0	1	355	252	Fincher.3
AGCATTGATACA	87	0	1	381	244	Fincher.3
AGTCGTGTAACA	23	0	1	356	272	Fincher.3
GACGCACTATCC	24	0	2	363	280	Fincher.3
TAGTCCCCCGTG	75	0	2	348	214	Fincher.3
TTAGGTCCATCT	100	0	1	358	234	Fincher.3
TAGCAGACGACG	65	0	5	381	248	Fincher.3
AGTCGTGTAACC	27	0	0	328	244	Fincher.3
AGTCGTGTAACG	28	0	0	354	269	Fincher.3
TTAATTAGTTCC	114	0	3	428	230	Fincher.3
GGAGTTTTCTCC	75	0	1	403	278	Fincher.3
GTCACGAAAGCG	92	0	1	371	228	Fincher.3
GGCATCATCGTT	40	0	1	315	225	Fincher.3
ATTAATAGCCGG	68	0	5	330	221	Fincher.3
AATGGTAGTACG	42	0	0	293	213	Fincher.3
TTGTGCCCGTTT	133	0	2	382	206	Fincher.3
ACTCAGCAGTGT	102	0	4	359	219	Fincher.3
GCCCCGTACGCT	105	0	2	379	214	Fincher.3
GGAGCAATGTTA	84	0	3	432	255	Fincher.3
GAGAAGCTTTTT	137	0	2	481	271	Fincher.3
AAGCGTTTTGGT	132	0	7	492	257	Fincher.3
GTCATCGCAAGG	47	0	1	345	241	Fincher.3
TGAAGCCATAGG	133	0	4	401	212	Fincher.3
TCCGCTCCTTCA	150	0	1	424	205	Fincher.3
TTGTTTCTTGAT	27	0	1	356	271	Fincher.3
CTGGGGTTAACG	65	0	0	342	230	Fincher.3
TTGGCTCGACGC	127	0	7	432	224	Fincher.3
GCGTGTTCCCTA	385	0	13	1458	656	Fincher.3
TAGCTGCCGGCT	65	0	1	345	239	Fincher.3
CGTCTACCTACC	46	2	2	319	209	Fincher.3
TCTAGCTCAAGG	29	0	1	316	226	Fincher.3
GAGTCCCACCCC	52	0	1	341	214	Fincher.3
TCCCGACATTCT	49	0	0	300	219	Fincher.3
GGCATCATCGTA	44	0	0	288	214	Fincher.3
TCGGTCTTGCTG	113	0	0	376	223	Fincher.3
TTTGTGGGGAGT	76	0	2	391	225	Fincher.3
TATAATGAGCTA	28	0	1	335	232	Fincher.3
AATGAACAAATG	115	0	1	367	205	Fincher.3
TCGCTCTTAGCC	7	0	0	269	223	Fincher.3
GTTCGCGATGCT	121	0	4	1161	707	Fincher.3
TAGCAGACGACA	56	0	1	342	213	Fincher.3
GAGTCCCACCCA	48	0	3	303	204	Fincher.3
TGGAGGTCTGGC	17	0	1	295	224	Fincher.3
GCCTGGGCCCCT	459	0	10	1142	507	Fincher.3
AACGAATAAATC	532	1	23	1119	416	Fincher.3
GCTTTCAAGAAA	407	1	12	1325	567	Fincher.3
TAGCAGACGACC	55	0	1	333	201	Fincher.3
CGGCGTCGGCGG	23	0	2	266	215	Fincher.3
TCTGCCTCGGGA	43	0	0	309	222	Fincher.3
GGAGTTTTCTCT	56	0	4	312	221	Fincher.3
TGCCCGCCGTGG	140	0	6	412	229	Fincher.3
AGTCGTGTAACT	12	0	1	274	224	Fincher.3
TCCTGGCTTCAT	81	0	1	367	216	Fincher.3
GCCCCACCACTA	422	0	15	1207	506	Fincher.3
CCCAGCGAGAGT	5	0	0	318	247	Fincher.3
GACAGGTCAATT	26	0	2	254	202	Fincher.3
TGCCCGCCGTGA	130	1	8	393	234	Fincher.3
GCGCTCGGGAGC	295	1	15	1158	536	Fincher.3
CAACGTCCGTCA	20	0	1	262	202	Fincher.3
GCAATCAGAACT	284	0	28	1061	482	Fincher.3
CGGGGGGGGGGG	14	1	5	510	492	Fincher.3
CAGAAATGCCCG	437	0	5	1004	429	Fincher.3
GCGCCGCACAAC	91	0	2	1002	663	Fincher.3
CTTCACATTGTA	134	0	8	468	249	Fincher.3
GGCGGCCCTCCA	348	0	8	1022	482	Fincher.3
TGAAGGTCTCCG	47	0	1	305	214	Fincher.3
GGGGGGGGGGGG	5	0	4	306	300	Fincher.3
GTGCCGGCTTCT	316	0	12	856	409	Fincher.3
GCTACACTACGC	343	0	16	990	437	Fincher.3
GTGCAATAACCT	359	0	25	871	375	Fincher.3
AACAGAGCAGGT	395	0	12	962	408	Fincher.3
GCCCCTAGTTGC	281	0	13	895	452	Fincher.3
CCGGCATCGCAG	264	0	10	656	292	Fincher.3
ATGGCATCGCAG	295	1	10	658	267	Fincher.3
GCCTTCACGCAA	255	0	9	874	423	Fincher.3
GCCGGTGCGATC	251	0	3	661	348	Fincher.3
GCTACAGGAGGC	149	1	6	806	494	Fincher.3
AATCAGAACCGA	354	0	2	788	320	Fincher.3
GTGCCGTCGAGT	323	0	9	719	312	Fincher.3
GCAGAACTGCTA	230	0	7	768	396	Fincher.3
GCACAAACCTAC	322	0	17	674	275	Fincher.3
GGCTTGAGTCCG	261	0	8	758	378	Fincher.3
GGCCGGTGACAT	315	0	11	678	281	Fincher.3
ATTTGTAGCTTC	328	1	7	779	330	Fincher.3
CCCTAGCATTTT	161	0	1	475	221	Fincher.3
GTATTACTTATC	236	0	13	707	363	Fincher.3
GCCGTCATTTCA	305	0	8	664	288	Fincher.3
GCAGTGATAATG	189	0	3	685	357	Fincher.3
TGGCCACCAACC	251	0	3	528	209	Fincher.3
CGGCCCCCAACC	267	0	10	644	283	Fincher.3
GCCTATAGCCCT	115	0	4	569	341	Fincher.3
CGGCCACCACCC	264	0	11	629	284	Fincher.3
GCGAAGTTCCAC	187	0	11	618	326	Fincher.3
GTCGTAATAGAG	128	0	8	551	326	Fincher.3
GGGCAAGGTTAC	195	1	10	603	319	Fincher.3
TACATAGCCCCT	221	0	7	548	253	Fincher.3
ATTCTGTCAAAT	216	0	7	536	259	Fincher.3
GCGCAACTTTCA	91	1	0	468	235	Fincher.3
GGCCGCATGTGC	188	0	6	560	292	Fincher.3
GGGTGCAGGAGC	231	0	5	463	205	Fincher.3
AGCGGTGCAGCG	139	0	8	456	227	Fincher.3
GCGATGTGTTCG	151	0	2	563	341	Fincher.3
AACCCTAAATAT	176	0	3	466	224	Fincher.3
GCCTAACTACAA	179	1	9	448	231	Fincher.3
GGGGCGGACTTA	211	0	3	499	236	Fincher.3
